Reading_Count,Pitch,Yaw,Pitotstatic
0.000000,-4.373,4.545,5.454
1.000000,-6.619,5.221,5.535
2.000000,-10.328,4.200,5.453
3.000000,-13.350,3.567,5.590
4.000000,-16.049,2.942,5.426
5.000000,-18.140,2.658,5.548
6.000000,-20.202,1.701,5.535
7.000000,-22.134,1.361,5.671
8.000000,-23.812,1.009,5.588
9.000000,-25.449,0.622,5.534
10.000000,-26.758,0.408,5.479
11.000000,-28.148,0.126,5.534
12.000000,-29.879,-0.119,5.656
13.000000,-31.010,-0.729,5.533
14.000000,-31.990,-0.972,5.424
15.000000,-33.201,-1.045,5.547
16.000000,-34.358,-1.323,5.465
17.000000,-34.856,-1.555,5.546
18.000000,-36.214,-1.756,5.356
19.000000,-36.934,-2.000,5.532
20.000000,-37.662,-1.979,5.369
21.000000,-38.115,-2.387,5.628
22.000000,-39.072,-2.571,5.437
23.000000,-39.958,-2.587,5.451
24.000000,-40.740,-2.600,5.670
25.000000,-40.981,-2.783,5.451
26.000000,-41.843,-2.741,5.561
27.000000,-42.250,-3.129,5.478
28.000000,-42.836,-3.173,5.532
29.000000,-43.334,-3.220,5.560
30.000000,-43.759,-3.408,5.629
31.000000,-43.903,-3.513,5.546
32.000000,-44.627,-3.633,5.628
33.000000,-45.188,-3.716,5.341
34.000000,-45.420,-3.898,5.410
35.000000,-45.860,-3.732,5.409
36.000000,-46.046,-3.876,5.627
37.000000,-46.366,-4.229,5.477
38.000000,-46.797,-3.961,5.423
39.000000,-47.044,-3.740,5.655
40.000000,-47.335,-4.071,5.464
41.000000,-47.540,-4.222,5.504
42.000000,-47.992,-4.210,5.450
43.000000,-48.283,-4.246,5.314
44.000000,-48.345,-4.326,5.464
45.000000,-48.747,-4.362,5.327
46.000000,-48.982,-4.310,5.423
47.000000,-49.426,-4.344,5.450
48.000000,-49.531,-4.323,5.436
49.000000,-49.685,-4.548,5.545
50.000000,-49.629,-4.199,5.409
51.000000,-50.078,-4.141,5.504
52.000000,-50.053,-4.298,5.491
53.000000,-50.451,-4.502,5.504
54.000000,-50.259,-4.688,5.450
55.000000,-50.576,-4.336,5.573
56.000000,-51.303,-4.441,5.668
57.000000,-51.120,-4.460,5.517
58.000000,-51.177,-4.517,5.395
59.000000,-51.430,-4.813,5.518
60.000000,-51.548,-5.012,5.299
61.000000,-51.548,-4.691,5.601
62.000000,-51.944,-4.557,5.532
63.000000,-51.981,-4.562,5.532
64.000000,-52.053,-4.792,5.450
65.000000,-52.252,-4.825,5.464
66.000000,-52.366,-5.092,5.423
67.000000,-52.482,-4.891,5.655
68.000000,-52.445,-4.760,5.709
69.000000,-52.797,-4.728,5.558
70.000000,-52.689,-4.692,5.436
71.000000,-52.826,-4.856,5.367
72.000000,-53.276,-4.871,5.504
73.000000,-53.186,-4.823,5.492
74.000000,-53.070,-4.706,5.504
75.000000,-53.183,-4.964,5.599
76.000000,-53.261,-4.811,5.285
77.000000,-53.500,-4.787,5.600
78.000000,-53.348,-4.850,5.504
79.000000,-53.679,-5.043,5.517
80.000000,-53.626,-4.890,5.682
81.000000,-53.442,-4.950,5.655
82.000000,-53.972,-4.864,5.587
83.000000,-53.630,-5.007,5.504
84.000000,-54.123,-5.229,5.381
85.000000,-54.050,-4.829,5.450
86.000000,-54.250,-4.909,5.587
87.000000,-54.537,-5.030,5.463
88.000000,-54.179,-4.945,5.504
89.000000,-54.408,-4.934,5.626
90.000000,-54.263,-4.844,5.491
91.000000,-54.383,-4.827,5.709
92.000000,-54.604,-4.835,5.340
93.000000,-54.692,-4.878,5.587
94.000000,-54.577,-4.835,5.626
95.000000,-54.970,-5.237,5.504
96.000000,-54.664,-5.376,5.477
97.000000,-55.078,-5.466,5.381
98.000000,-55.206,-5.014,5.546
99.000000,-54.911,-5.172,5.546
100.000000,-55.195,-5.134,5.558
101.000000,-54.927,-4.989,5.531
102.000000,-54.998,-5.151,5.341
103.000000,-54.783,-4.989,5.641
104.000000,-55.352,-4.886,5.599
105.000000,-55.023,-5.054,5.641
106.000000,-55.174,-5.156,5.408
107.000000,-55.208,-5.166,5.818
108.000000,-55.267,-5.176,5.722
109.000000,-55.514,-5.260,5.722
110.000000,-55.317,-5.152,5.531
111.000000,-55.313,-5.307,5.614
112.000000,-55.046,-5.081,5.491
113.000000,-55.476,-5.273,5.586
114.000000,-55.441,-5.120,5.695
115.000000,-55.732,-5.073,5.668
116.000000,-55.481,-5.077,5.491
117.000000,-55.354,-5.393,5.764
118.000000,-55.755,-5.302,5.764
119.000000,-55.604,-4.981,5.614
120.000000,-55.853,-5.167,5.708
121.000000,-55.872,-5.044,6.023
122.000000,-55.908,-5.547,6.009
123.000000,-56.023,-5.336,6.037
124.000000,-56.416,-5.617,6.065
125.000000,-55.794,-5.033,6.284
126.000000,-55.773,-4.989,6.283
127.000000,-55.771,-5.222,6.542
128.000000,-55.931,-4.882,6.678
129.000000,-55.961,-5.303,6.897
130.000000,-56.522,-5.172,7.075
131.000000,-56.474,-4.995,7.021
132.000000,-55.960,-4.734,7.690
133.000000,-56.207,-4.562,7.937
134.000000,-56.295,-5.107,8.660
135.000000,-56.483,-4.732,9.152
136.000000,-56.294,-4.790,9.521
137.000000,-56.609,-4.664,10.053
138.000000,-56.492,-4.817,10.805
139.000000,-56.440,-4.556,11.597
140.000000,-56.871,-4.397,12.417
141.000000,-56.935,-4.090,13.290
142.000000,-56.779,-3.698,14.369
143.000000,-56.944,-4.078,15.530
144.000000,-57.107,-3.869,16.568
145.000000,-57.638,-3.739,17.743
146.000000,-57.035,-3.365,18.986
147.000000,-58.340,-2.823,20.420
148.000000,-58.951,-2.535,21.868
149.000000,-58.082,-2.110,23.137
150.000000,-57.855,-2.245,24.489
151.000000,-58.181,-2.084,26.279
152.000000,-58.279,-2.148,28.695
153.000000,-58.275,-1.595,30.334
154.000000,-58.485,-1.070,32.109
155.000000,-58.187,-0.874,34.186
156.000000,-58.132,-1.142,36.314
157.000000,-58.407,-0.702,38.323
158.000000,-58.387,0.319,40.808
159.000000,-58.434,0.182,42.885
160.000000,-58.374,0.689,45.230
161.000000,-58.173,1.679,47.591
162.000000,-58.645,2.303,50.895
163.000000,-60.014,2.594,53.873
164.000000,-61.462,3.153,57.202
165.000000,-62.795,3.338,60.524
166.000000,-63.957,3.960,64.030
167.000000,-64.061,4.417,67.114
168.000000,-64.233,5.139,71.206
169.000000,-64.721,6.029,74.838
170.000000,-65.082,6.429,78.115
171.000000,-65.030,8.157,82.070
172.000000,-65.324,8.827,85.961
173.000000,-65.166,8.927,90.133
174.000000,-65.025,10.126,94.581
175.000000,-65.210,10.240,97.846
176.000000,-65.056,11.277,101.673
177.000000,-66.437,12.627,106.321
178.000000,-66.546,12.859,109.991
179.000000,-67.228,13.466,114.480
180.000000,-66.612,13.782,118.363
181.000000,-65.425,14.867,122.829
182.000000,-68.372,16.616,128.415
183.000000,-65.235,18.215,133.335
184.000000,-67.998,18.179,140.104
185.000000,-68.878,18.444,143.813
186.000000,-67.163,19.300,148.605
187.000000,-64.517,21.064,155.133
188.000000,-66.004,19.891,159.097
189.000000,-68.744,22.897,162.285
190.000000,-65.695,21.605,165.481
191.000000,-67.815,18.414,170.560
192.000000,-66.431,25.253,174.457
193.000000,-62.086,20.361,176.857
194.000000,-66.103,22.012,179.923
195.000000,-67.301,22.011,182.480
196.000000,-69.287,21.531,184.124
197.000000,-69.172,23.807,187.690
198.000000,-69.858,26.171,189.085
199.000000,-69.282,28.864,189.526
200.000000,-72.613,27.029,193.286
201.000000,-71.797,28.399,194.005
202.000000,-67.399,25.522,195.039
203.000000,-69.918,26.725,196.166
204.000000,-69.159,24.326,197.991
205.000000,-69.974,23.650,199.132
206.000000,-71.653,22.869,200.895
207.000000,-70.998,22.456,201.092
208.000000,-72.235,28.056,201.962
209.000000,-72.271,27.461,201.252
210.000000,-68.430,27.709,202.967
211.000000,-74.895,21.173,204.627
212.000000,-71.931,24.729,207.304
213.000000,-78.445,26.710,207.532
214.000000,-72.968,22.263,207.565
215.000000,-77.476,26.343,209.277
216.000000,-74.807,25.996,207.063
217.000000,-71.668,28.211,208.033
218.000000,-77.602,31.816,211.507
219.000000,-69.233,22.450,210.477
220.000000,-78.089,28.007,210.542
221.000000,-72.581,23.426,212.046
222.000000,-73.076,26.684,214.801
223.000000,-73.641,24.349,212.864
224.000000,-77.775,27.740,212.300
225.000000,-77.616,21.965,215.344
226.000000,-74.759,18.259,213.906
227.000000,-73.967,29.573,214.621
228.000000,-72.784,24.661,215.320
229.000000,-75.250,29.273,214.588
230.000000,-71.188,26.511,217.173
231.000000,-74.174,26.955,216.171
232.000000,-73.618,25.003,218.299
233.000000,-78.202,26.407,218.830
234.000000,-77.122,26.554,219.113
235.000000,-75.200,25.727,220.869
236.000000,-74.086,27.549,221.332
237.000000,-80.944,31.879,221.719
238.000000,-77.780,28.669,222.021
239.000000,-74.588,31.233,223.070
240.000000,-77.878,29.014,223.479
241.000000,-81.113,29.443,223.767
242.000000,-75.109,26.746,223.175
243.000000,-81.554,26.281,222.446
244.000000,-80.907,29.606,225.500
245.000000,-72.826,28.561,225.759
246.000000,-79.435,27.322,224.250
247.000000,-92.206,28.115,224.740
248.000000,-90.031,23.678,226.642
249.000000,-94.611,26.225,225.415
250.000000,-96.210,27.716,224.418
251.000000,-91.912,25.827,225.953
252.000000,-98.394,31.036,223.822
253.000000,-101.610,31.007,222.471
254.000000,-107.820,27.199,226.053
255.000000,-107.024,27.791,224.554
256.000000,-113.227,28.305,223.357
257.000000,-117.794,28.270,223.827
258.000000,-123.404,33.415,225.066
259.000000,-131.911,32.158,225.743
260.000000,-137.739,28.400,226.008
261.000000,-141.341,34.028,228.230
262.000000,-143.509,30.651,227.425
263.000000,-150.133,31.230,227.281
264.000000,-152.439,31.460,225.367
265.000000,-150.063,31.675,226.040
266.000000,-156.330,28.510,227.365
267.000000,-155.021,26.274,227.298
268.000000,-150.440,27.647,228.381
269.000000,-151.263,30.511,226.415
270.000000,-149.600,32.000,229.662
271.000000,-155.574,27.383,226.729
272.000000,-150.612,35.624,227.930
273.000000,-149.348,32.363,227.435
274.000000,-153.486,29.830,228.806
275.000000,-152.884,28.570,227.127
276.000000,-156.284,29.513,228.603
277.000000,-157.567,31.367,229.845
278.000000,-155.272,26.117,229.240
279.000000,-166.560,30.305,229.995
280.000000,-172.271,28.036,229.032
281.000000,-167.398,30.439,227.847
282.000000,-171.293,30.023,229.219
283.000000,-179.158,32.687,231.098
284.000000,-184.865,34.311,231.143
285.000000,-188.180,29.723,230.700
286.000000,-198.143,34.128,232.630
287.000000,-203.189,29.077,233.733
288.000000,-207.465,33.167,232.279
289.000000,-209.620,33.163,232.669
290.000000,-202.152,33.940,233.385
291.000000,-208.563,36.110,234.653
292.000000,-210.453,41.275,235.256
293.000000,-215.460,37.433,234.182
294.000000,-215.030,33.062,233.235
295.000000,-209.618,39.554,234.942
296.000000,-215.223,38.558,235.364
297.000000,-214.517,37.033,233.504
298.000000,-216.058,36.670,234.898
299.000000,-212.598,40.543,234.441
300.000000,-205.940,36.750,234.011
301.000000,-208.997,35.758,235.244
302.000000,-211.958,35.161,234.623
303.000000,-212.164,38.789,235.704
304.000000,-218.655,33.321,237.048
305.000000,-223.036,36.915,235.141
306.000000,-214.860,31.282,236.182
307.000000,-217.314,34.842,236.489
308.000000,-211.337,38.255,235.991
309.000000,-214.629,38.253,237.184
310.000000,-223.208,37.723,236.978
311.000000,-222.387,32.887,235.819
312.000000,-224.507,40.836,237.400
313.000000,-216.855,37.292,238.246
314.000000,-223.745,40.503,236.792
315.000000,-221.839,40.752,237.561
316.000000,-224.452,34.871,237.385
317.000000,-222.983,41.879,238.806
318.000000,-226.953,38.101,240.091
319.000000,-228.960,38.448,237.003
320.000000,-232.171,34.706,238.733
321.000000,-230.877,40.484,237.858
322.000000,-233.890,33.893,238.507
323.000000,-233.066,39.558,239.061
324.000000,-234.478,43.698,237.993
325.000000,-241.354,38.050,236.498
326.000000,-239.659,45.968,239.942
327.000000,-246.905,34.058,238.446
328.000000,-253.348,35.331,239.468
329.000000,-249.017,44.229,238.462
330.000000,-250.931,45.320,238.904
331.000000,-253.874,40.681,238.324
332.000000,-251.342,46.296,238.365
333.000000,-248.183,47.672,237.398
334.000000,-257.513,51.332,238.690
335.000000,-256.915,41.508,238.436
336.000000,-254.794,47.158,237.210
337.000000,-254.744,48.052,235.651
338.000000,-253.096,47.738,234.660
339.000000,-246.235,46.777,236.100
340.000000,-253.054,48.002,237.146
341.000000,-254.143,44.871,237.308
342.000000,-254.424,43.678,234.140
343.000000,-252.987,43.726,236.153
344.000000,-255.059,48.117,236.983
345.000000,-255.579,47.371,237.136
346.000000,-261.917,44.206,236.623
347.000000,-260.562,45.298,236.046
348.000000,-259.195,44.835,236.324
349.000000,-259.026,47.453,237.617
350.000000,-263.594,41.768,237.274
351.000000,-266.956,46.325,237.324
352.000000,-270.238,46.954,236.754
353.000000,-269.744,45.678,238.701
354.000000,-278.072,45.894,239.418
355.000000,-274.143,45.777,237.753
356.000000,-277.351,50.433,238.671
357.000000,-277.042,44.883,239.771
358.000000,-287.275,46.704,238.683
359.000000,-282.166,51.378,238.583
360.000000,-286.768,47.781,241.315
361.000000,-288.242,46.821,243.033
362.000000,-285.468,51.559,241.940
363.000000,-291.684,44.715,241.536
364.000000,-292.265,50.880,244.299
365.000000,-296.316,49.123,243.046
366.000000,-301.402,55.834,240.169
367.000000,-297.987,50.397,243.109
368.000000,-296.642,49.386,242.497
369.000000,-300.852,50.596,242.880
370.000000,-297.313,48.127,243.470
371.000000,-301.586,48.441,242.458
372.000000,-298.693,42.539,242.491
373.000000,-302.638,46.188,239.766
374.000000,-303.639,45.689,241.770
375.000000,-297.512,51.373,242.159
376.000000,-296.523,49.865,242.722
377.000000,-300.411,55.483,241.946
378.000000,-296.122,48.523,241.738
379.000000,-298.676,45.356,242.702
380.000000,-298.977,55.384,242.275
381.000000,-296.351,49.929,242.086
382.000000,-298.702,53.609,243.779
383.000000,-304.783,49.997,244.152
384.000000,-303.255,50.493,244.336
385.000000,-303.050,55.931,243.480
386.000000,-303.015,48.024,243.180
387.000000,-301.749,49.647,242.446
388.000000,-305.629,53.741,241.412
389.000000,-309.200,47.510,242.048
390.000000,-309.470,44.293,241.244
391.000000,-313.178,52.283,241.824
392.000000,-317.264,44.476,243.840
393.000000,-315.930,49.614,242.159
394.000000,-322.164,51.172,243.181
395.000000,-323.671,46.248,243.672
396.000000,-322.612,47.009,243.528
397.000000,-342.723,45.418,243.268
398.000000,-327.297,49.745,243.757
399.000000,-331.472,46.165,244.224
400.000000,-339.936,46.132,244.259
401.000000,-332.579,45.469,242.173
402.000000,-329.571,50.838,243.681
403.000000,-332.807,49.331,241.801
404.000000,-336.414,54.833,245.484
405.000000,-328.780,49.594,244.785
406.000000,-335.307,52.512,244.238
407.000000,-332.393,49.727,243.610
408.000000,-332.942,54.335,243.343
409.000000,-330.933,55.165,242.408
410.000000,-332.942,53.389,242.845
411.000000,-330.925,55.628,244.077
412.000000,-330.411,53.937,242.457
413.000000,-334.555,57.468,241.540
414.000000,-330.834,58.280,243.016
415.000000,-340.121,56.936,242.221
416.000000,-342.025,48.183,241.473
417.000000,-340.464,51.034,242.464
418.000000,-340.940,51.698,243.333
419.000000,-344.802,49.526,243.510
420.000000,-355.466,51.782,243.300
421.000000,-353.581,50.902,243.819
422.000000,-347.987,51.963,244.254
423.000000,-364.067,49.143,241.956
424.000000,-358.876,51.167,242.697
425.000000,-351.991,50.288,242.411
426.000000,-363.487,49.228,241.635
427.000000,-362.389,48.862,242.382
428.000000,-354.547,52.045,240.882
429.000000,-356.377,47.253,241.400
430.000000,-365.979,43.240,240.654
431.000000,-357.729,48.928,240.559
432.000000,-349.052,51.761,241.223
433.000000,-350.467,46.174,241.315
434.000000,-363.324,52.094,240.647
435.000000,-361.722,52.325,240.323
436.000000,-355.564,45.807,240.902
437.000000,-360.972,49.473,241.789
438.000000,-361.777,45.693,243.051
439.000000,-359.942,47.782,239.246
440.000000,-370.012,50.368,242.516
441.000000,-364.241,48.942,242.298
442.000000,-364.408,47.318,242.047
443.000000,-373.215,48.113,243.191
444.000000,-374.775,50.932,241.525
445.000000,-370.942,44.382,243.031
446.000000,-376.748,44.879,240.981
447.000000,-376.088,46.439,242.412
448.000000,-379.493,42.142,242.373
449.000000,-383.809,46.021,241.151
450.000000,-382.746,45.093,241.545
451.000000,-384.728,46.154,241.748
452.000000,-380.465,42.407,241.674
453.000000,-379.614,46.968,241.487
454.000000,-384.520,43.998,241.493
455.000000,-391.607,44.692,238.648
456.000000,-395.262,46.700,239.254
457.000000,-391.324,46.751,240.699
458.000000,-400.730,44.282,241.198
459.000000,-393.866,46.885,238.948
460.000000,-384.325,48.873,241.346
461.000000,-391.233,48.327,242.051
462.000000,-403.392,49.270,241.571
463.000000,-393.326,47.928,242.564
464.000000,-390.184,48.641,240.638
465.000000,-394.482,43.847,241.513
466.000000,-385.553,50.432,239.930
467.000000,-389.365,46.004,241.630
468.000000,-393.131,45.341,239.156
469.000000,-389.841,48.739,238.776
470.000000,-398.382,47.379,239.610
471.000000,-397.801,49.270,239.033
472.000000,-395.559,51.111,239.738
473.000000,-407.617,47.894,238.367
474.000000,-393.402,50.314,239.286
475.000000,-405.137,49.071,238.422
476.000000,-383.868,46.766,237.482
477.000000,-406.861,50.895,235.551
478.000000,-386.003,43.017,235.402
479.000000,-388.460,48.440,238.567
480.000000,-392.401,44.641,235.779
481.000000,-397.409,46.367,236.666
482.000000,-385.810,45.339,238.138
483.000000,-407.333,48.059,235.343
484.000000,-391.069,52.205,236.341
485.000000,-408.964,46.581,232.839
486.000000,-405.767,49.782,234.655
487.000000,-375.052,50.362,235.040
488.000000,-392.254,51.458,236.313
489.000000,-408.182,42.968,234.217
490.000000,-388.920,43.315,232.773
491.000000,-405.173,46.266,234.180
492.000000,-405.982,47.560,234.315
493.000000,-403.791,43.082,234.402
494.000000,-398.963,48.307,233.414
495.000000,-387.355,46.581,234.666
496.000000,-420.402,43.363,233.883
497.000000,-387.688,49.930,232.461
498.000000,-390.467,42.898,230.258
499.000000,-393.431,43.147,231.182
500.000000,-376.427,47.576,231.284
501.000000,-383.187,47.443,230.249
502.000000,-389.375,48.339,232.054
503.000000,-391.896,49.981,231.903
504.000000,-375.744,42.881,231.864
505.000000,-385.288,46.994,232.084
506.000000,-402.061,46.099,232.855
507.000000,-394.999,42.666,232.807
508.000000,-396.293,47.044,232.120
509.000000,-409.111,48.984,231.248
510.000000,-399.981,45.667,229.208
511.000000,-385.490,43.246,229.931
512.000000,-392.213,52.617,229.340
513.000000,-385.085,45.899,228.456
514.000000,-386.312,42.996,229.805
515.000000,-386.871,49.549,228.099
516.000000,-392.734,46.528,229.006
517.000000,-396.608,47.193,227.048
518.000000,-389.639,49.598,229.572
519.000000,-389.550,48.337,227.093
520.000000,-390.411,45.767,227.976
521.000000,-382.509,49.184,226.023
522.000000,-383.737,45.882,225.429
523.000000,-382.485,44.605,226.559
524.000000,-369.960,46.975,227.850
525.000000,-373.533,46.032,227.862
526.000000,-376.538,42.265,226.336
527.000000,-367.631,45.732,227.226
528.000000,-390.133,39.395,226.879
529.000000,-375.990,44.089,229.358
530.000000,-368.353,43.226,226.995
531.000000,-396.479,45.153,227.113
532.000000,-387.730,43.426,228.305
533.000000,-384.935,43.742,227.257
534.000000,-385.293,41.186,228.188
535.000000,-390.756,45.232,228.693
536.000000,-380.982,46.095,228.183
537.000000,-378.003,46.328,228.920
538.000000,-374.004,42.729,229.476
539.000000,-382.372,42.247,227.775
540.000000,-372.179,41.981,231.296
541.000000,-380.958,42.646,231.022
542.000000,-371.514,42.196,230.480
543.000000,-362.163,46.610,231.444
544.000000,-359.931,44.386,231.455
545.000000,-368.248,39.129,232.062
546.000000,-379.648,39.510,231.670
547.000000,-376.750,41.003,232.108
548.000000,-369.783,42.099,231.655
549.000000,-371.967,43.955,229.303
550.000000,-373.273,41.434,230.471
551.000000,-371.801,40.657,232.953
552.000000,-379.079,41.005,231.759
553.000000,-371.283,40.043,232.324
554.000000,-371.200,42.163,232.018
555.000000,-371.884,42.314,233.726
556.000000,-364.249,43.640,234.380
557.000000,-376.685,44.817,233.682
558.000000,-368.880,49.894,233.595
559.000000,-365.585,47.241,234.014
560.000000,-365.705,44.753,234.677
561.000000,-360.575,45.979,235.360
562.000000,-363.865,46.444,234.438
563.000000,-362.541,50.639,236.488
564.000000,-352.979,44.037,237.562
565.000000,-346.895,41.931,238.459
566.000000,-351.531,47.804,237.480
567.000000,-357.924,45.281,238.175
568.000000,-357.361,43.838,238.972
569.000000,-363.493,48.018,237.659
570.000000,-359.453,47.785,237.661
571.000000,-342.504,46.127,235.392
572.000000,-339.943,46.940,236.802
573.000000,-334.651,50.805,237.152
574.000000,-335.792,45.331,237.458
575.000000,-333.756,44.269,238.934
576.000000,-330.597,48.799,239.507
577.000000,-330.748,44.320,238.460
578.000000,-330.399,46.476,237.804
579.000000,-332.548,45.049,237.818
580.000000,-328.681,49.049,239.468
581.000000,-329.968,47.619,238.703
582.000000,-335.283,46.226,238.332
583.000000,-332.893,43.241,238.932
584.000000,-336.243,44.749,238.190
585.000000,-330.898,46.093,239.507
586.000000,-328.748,43.090,240.141
587.000000,-332.826,43.688,240.988
588.000000,-330.380,47.719,239.769
589.000000,-336.068,48.283,239.540
590.000000,-331.543,46.823,238.909
591.000000,-328.135,46.191,237.593
592.000000,-322.320,46.741,236.711
593.000000,-310.227,45.214,235.958
594.000000,-311.837,42.296,235.666
595.000000,-310.478,45.364,236.139
596.000000,-300.993,44.086,235.764
597.000000,-295.227,44.101,234.075
598.000000,-294.321,40.816,234.966
599.000000,-297.718,43.222,236.239
600.000000,-297.075,42.576,236.878
601.000000,-288.622,48.266,236.417
602.000000,-287.570,46.922,237.983
603.000000,-288.982,49.311,238.006
604.000000,-285.802,40.270,238.660
605.000000,-280.533,38.544,236.861
606.000000,-275.665,32.191,237.132
607.000000,-273.128,40.949,236.257
608.000000,-275.501,38.146,237.688
609.000000,-279.359,39.457,238.590
610.000000,-280.494,35.542,238.953
611.000000,-277.059,28.406,237.577
612.000000,-283.657,33.733,238.048
613.000000,-280.991,37.250,240.453
614.000000,-277.202,34.362,239.361
615.000000,-282.122,37.232,238.594
616.000000,-283.062,36.749,237.473
617.000000,-277.580,38.643,238.510
618.000000,-275.465,32.652,239.701
619.000000,-279.533,35.191,240.933
620.000000,-279.412,33.183,239.874
621.000000,-278.060,35.537,240.044
622.000000,-277.740,39.737,239.960
623.000000,-272.148,36.068,237.442
624.000000,-269.995,27.591,237.247
625.000000,-262.198,38.625,237.426
626.000000,-259.265,31.195,238.255
627.000000,-258.157,33.597,239.801
628.000000,-251.076,30.381,235.592
629.000000,-241.955,26.579,237.757
630.000000,-238.801,28.022,235.440
631.000000,-228.111,23.955,234.702
632.000000,-230.746,26.261,236.360
633.000000,-227.591,21.083,234.209
634.000000,-222.710,24.025,233.728
635.000000,-224.571,21.317,234.927
636.000000,-213.978,22.065,234.025
637.000000,-206.333,15.444,233.139
638.000000,-201.076,18.909,232.941
639.000000,-188.043,8.936,233.986
640.000000,-190.827,17.170,234.129
641.000000,-197.127,17.068,233.858
642.000000,-194.339,17.814,234.984
643.000000,-190.007,10.791,235.443
644.000000,-196.583,11.706,233.722
645.000000,-198.565,11.261,237.150
646.000000,-198.522,11.725,236.266
647.000000,-197.875,14.926,235.953
648.000000,-196.813,9.450,235.738
649.000000,-200.315,8.587,238.282
650.000000,-204.123,16.091,237.418
651.000000,-198.023,6.260,238.425
652.000000,-199.365,15.973,239.543
653.000000,-203.685,14.460,239.685
654.000000,-197.092,16.386,237.419
655.000000,-205.833,17.813,240.927
656.000000,-197.717,13.001,240.210
657.000000,-185.037,14.128,241.586
658.000000,-177.207,11.656,239.858
659.000000,-163.156,11.689,239.372
660.000000,-150.787,16.086,238.626
661.000000,-131.898,12.450,240.487
662.000000,-123.489,14.395,239.669
663.000000,-113.287,11.759,240.887
664.000000,-106.094,12.652,240.673
665.000000,-97.091,11.907,241.408
666.000000,-86.509,7.175,241.614
667.000000,-79.099,12.372,239.397
668.000000,-59.062,10.681,241.334
669.000000,-45.197,10.760,241.257
670.000000,-32.925,7.706,242.412
671.000000,-42.176,9.549,242.294
672.000000,-40.179,9.101,241.292
673.000000,-42.528,10.512,243.128
674.000000,-39.660,11.890,242.972
675.000000,-43.513,9.963,242.498
676.000000,-36.474,9.431,241.139
677.000000,-47.381,10.576,241.222
678.000000,-40.314,16.599,240.362
679.000000,-42.649,10.178,241.916
680.000000,-45.152,14.940,241.987
681.000000,-46.445,11.854,243.769
682.000000,-44.487,13.216,243.992
683.000000,-42.969,18.212,245.645
684.000000,-44.696,7.424,245.694
685.000000,-48.076,12.372,245.492
686.000000,-42.565,14.028,245.596
687.000000,-35.560,16.287,245.678
688.000000,-23.823,17.051,244.936
689.000000,-10.811,5.017,246.528
690.000000,-1.626,12.234,247.615
691.000000,11.020,3.121,246.543
692.000000,28.190,10.664,247.556
693.000000,34.534,9.612,247.204
694.000000,34.157,1.165,247.631
695.000000,45.187,5.251,245.349
696.000000,51.181,9.033,245.943
697.000000,62.050,5.931,245.814
698.000000,66.620,8.954,246.419
699.000000,75.690,1.980,247.866
700.000000,82.394,5.183,248.103
701.000000,84.271,9.534,247.836
702.000000,86.342,6.742,246.680
703.000000,90.086,3.140,247.179
704.000000,90.803,5.052,249.664
705.000000,91.190,4.505,248.088
706.000000,96.235,6.410,248.863
707.000000,94.541,7.112,249.508
708.000000,93.910,2.462,246.995
709.000000,94.946,4.572,246.610
710.000000,95.296,3.294,250.662
711.000000,90.201,5.431,249.157
712.000000,92.512,8.715,248.190
713.000000,94.209,2.925,247.742
714.000000,95.206,4.968,249.370
715.000000,95.635,7.721,247.735
716.000000,93.755,5.630,248.012
717.000000,96.184,7.440,251.275
718.000000,96.520,2.026,248.937
719.000000,97.585,3.558,248.424
720.000000,100.727,-0.962,248.170
721.000000,109.603,0.534,248.829
722.000000,113.025,1.349,247.832
723.000000,115.341,6.344,247.781
724.000000,114.835,5.179,248.452
725.000000,117.457,5.947,249.577
726.000000,123.050,0.815,249.897
727.000000,130.374,2.574,251.164
728.000000,123.967,-0.314,249.009
729.000000,129.920,1.429,248.144
730.000000,123.122,-7.254,248.102
731.000000,131.113,-4.913,250.446
732.000000,133.382,1.145,248.942
733.000000,123.330,-3.469,249.631
734.000000,106.613,-1.890,251.451
735.000000,121.044,-4.001,250.915
736.000000,116.989,-8.514,250.361
737.000000,112.499,-3.142,251.103
738.000000,121.219,-4.532,251.187
739.000000,122.974,-6.970,249.845
740.000000,123.759,-5.858,247.731
741.000000,116.949,-2.591,249.007
742.000000,128.657,-6.490,248.242
743.000000,129.255,-5.722,249.574
744.000000,120.535,-5.922,247.895
745.000000,118.991,-4.414,246.689
746.000000,122.774,-7.571,248.583
747.000000,117.609,-7.700,247.945
748.000000,123.807,-7.887,248.328
749.000000,121.488,-0.546,246.261
750.000000,119.382,-6.956,247.629
751.000000,118.282,-1.062,245.953
752.000000,128.349,-9.228,248.910
753.000000,130.783,-2.722,247.078
754.000000,111.946,-6.620,245.979
755.000000,118.935,-6.870,246.378
756.000000,115.616,-5.178,247.240
757.000000,115.015,-10.045,247.749
758.000000,125.409,-7.056,247.893
759.000000,124.570,-5.228,247.860
760.000000,131.570,-2.275,248.817
761.000000,133.236,-6.289,249.422
762.000000,130.432,-8.748,248.562
763.000000,139.508,-11.453,247.977
764.000000,145.163,-11.704,250.119
765.000000,141.737,-8.334,250.016
766.000000,150.714,-10.540,250.552
767.000000,146.389,-11.918,250.125
768.000000,154.410,-15.953,249.705
769.000000,157.295,-11.387,249.132
770.000000,153.740,-8.867,248.492
771.000000,153.343,-11.650,249.918
772.000000,161.617,-14.408,246.611
773.000000,162.460,-12.071,249.205
774.000000,154.263,-9.865,244.335
775.000000,159.361,-11.491,246.315
776.000000,162.557,-11.436,247.981
777.000000,157.411,-10.760,248.556
778.000000,159.775,-9.609,247.572
779.000000,160.617,-10.690,247.850
780.000000,154.447,-11.438,246.822
781.000000,159.717,-14.962,248.694
782.000000,171.888,-9.362,247.061
783.000000,163.628,-10.342,248.498
784.000000,156.064,-10.542,249.488
785.000000,160.829,-9.777,249.831
786.000000,161.824,-11.076,251.771
787.000000,161.643,-10.448,252.788
788.000000,161.371,-11.807,251.939
789.000000,159.398,-8.073,249.603
790.000000,161.843,-11.888,250.105
791.000000,172.092,-8.868,249.939
792.000000,167.705,-11.210,251.671
793.000000,168.756,-8.571,249.201
794.000000,172.952,-8.700,248.334
795.000000,175.327,-12.588,247.452
796.000000,176.153,-9.799,249.952
797.000000,170.985,-14.851,246.513
798.000000,182.824,-11.923,249.367
799.000000,182.119,-10.862,247.817
800.000000,183.404,-8.590,246.465
801.000000,179.454,-11.110,248.378
802.000000,184.453,-11.310,246.736
803.000000,183.731,-11.690,245.624
804.000000,196.087,-14.367,246.243
805.000000,190.009,-11.178,245.355
806.000000,183.342,-10.133,244.312
807.000000,196.329,-17.341,245.270
808.000000,192.720,-8.753,244.603
809.000000,192.165,-6.464,243.516
810.000000,191.266,-12.536,243.552
811.000000,200.698,-10.397,245.252
812.000000,193.275,-9.835,243.984
813.000000,180.760,-14.982,245.551
814.000000,202.445,-9.153,243.398
815.000000,194.651,-11.561,244.641
816.000000,196.003,-12.839,247.052
817.000000,194.556,-6.977,243.276
818.000000,194.547,-12.256,245.467
819.000000,194.381,-10.606,240.201
820.000000,192.220,-12.106,242.718
821.000000,189.078,-10.213,242.895
822.000000,185.163,-13.103,240.843
823.000000,190.955,-12.038,242.293
824.000000,189.801,-13.817,241.329
825.000000,193.348,-12.916,240.436
826.000000,191.190,-9.453,243.168
827.000000,201.718,-13.221,241.998
828.000000,194.415,-9.885,242.335
829.000000,199.419,-17.738,242.668
830.000000,202.318,-4.769,242.662
831.000000,213.334,-13.266,240.206
832.000000,203.235,-17.484,242.819
833.000000,203.089,-17.388,240.897
834.000000,193.557,-12.756,237.800
835.000000,208.535,-12.672,238.646
836.000000,205.737,-18.237,241.319
837.000000,209.232,-9.299,240.419
838.000000,204.075,-13.505,240.297
839.000000,228.553,-13.902,240.253
840.000000,210.301,-13.867,239.672
841.000000,219.332,-12.054,240.235
842.000000,222.597,-10.282,240.000
843.000000,202.327,-12.577,241.570
844.000000,221.162,-11.643,237.859
845.000000,212.479,-11.622,237.947
846.000000,215.956,-14.070,239.565
847.000000,223.699,-17.422,241.707
848.000000,229.385,-10.882,240.148
849.000000,221.904,-8.724,238.446
850.000000,222.872,-13.887,239.945
851.000000,207.832,-13.853,240.708
852.000000,214.591,-12.355,242.705
853.000000,220.011,-8.722,240.866
854.000000,222.272,-11.678,240.537
855.000000,214.817,-13.004,240.717
856.000000,227.897,-13.718,239.386
857.000000,223.001,-9.716,240.595
858.000000,222.529,-11.343,241.804
859.000000,229.985,-11.810,238.935
860.000000,225.016,-14.596,240.267
861.000000,227.248,-11.627,241.292
862.000000,220.853,-14.248,243.910
863.000000,223.794,-13.269,242.863
864.000000,230.971,-14.645,241.804
865.000000,240.759,-15.083,242.382
866.000000,238.960,-15.050,239.727
867.000000,238.447,-15.099,242.904
868.000000,235.409,-14.654,242.839
869.000000,243.862,-15.912,243.368
870.000000,243.083,-18.319,241.004
871.000000,241.867,-18.964,240.033
872.000000,253.651,-16.492,240.122
873.000000,250.585,-15.914,242.717
874.000000,259.966,-9.582,241.130
875.000000,261.492,-17.443,240.941
876.000000,269.114,-21.841,241.424
877.000000,262.362,-16.460,241.235
878.000000,256.808,-18.026,243.756
879.000000,261.682,-12.064,243.088
880.000000,260.346,-14.502,240.763
881.000000,241.073,-9.900,239.775
882.000000,260.289,-19.510,241.526
883.000000,273.795,-14.335,241.687
884.000000,258.419,-12.759,242.444
885.000000,259.270,-11.380,241.164
886.000000,254.931,-14.421,239.178
887.000000,254.494,-16.261,237.801
888.000000,254.760,-16.247,238.462
889.000000,257.043,-12.722,239.991
890.000000,252.583,-13.834,238.118
891.000000,253.672,-15.613,236.146
892.000000,248.695,-17.956,237.076
893.000000,249.775,-16.260,237.740
894.000000,252.168,-14.091,238.352
895.000000,255.284,-22.825,236.364
896.000000,249.037,-13.272,234.485
897.000000,241.759,-13.835,236.664
898.000000,246.685,-10.452,236.182
899.000000,258.898,-12.497,235.782
900.000000,259.373,-14.289,234.429
901.000000,259.293,-14.818,233.240
902.000000,270.364,-16.927,233.892
903.000000,249.724,-21.754,232.449
904.000000,265.916,-13.239,234.166
905.000000,266.837,-18.356,233.489
906.000000,253.606,-11.766,232.260
907.000000,275.102,-9.707,232.949
908.000000,254.539,-14.338,232.505
909.000000,267.280,-20.101,232.098
910.000000,270.777,-11.384,232.083
911.000000,275.792,-16.767,227.881
912.000000,276.102,-16.314,229.067
913.000000,274.777,-10.781,227.053
914.000000,269.719,-4.342,230.476
915.000000,259.559,-18.766,231.022
916.000000,267.760,-22.106,227.199
917.000000,254.977,-17.538,225.222
918.000000,263.989,-20.697,224.825
919.000000,262.953,-20.601,227.793
920.000000,262.696,-10.538,226.401
921.000000,269.071,-16.959,226.917
922.000000,270.568,-15.900,226.721
923.000000,275.783,-15.096,225.498
924.000000,261.485,-14.321,226.274
925.000000,258.829,-16.396,225.198
926.000000,261.679,-11.676,222.626
927.000000,257.696,-16.031,223.024
928.000000,257.568,-12.521,223.725
929.000000,266.957,-16.911,225.263
930.000000,256.678,-12.344,225.211
931.000000,262.859,-10.499,226.083
932.000000,265.909,-11.015,225.263
933.000000,270.080,-18.235,223.719
934.000000,261.790,-11.676,223.485
935.000000,254.954,-20.163,227.778
936.000000,258.679,-11.517,225.201
937.000000,262.396,-19.628,223.691
938.000000,260.894,-18.519,223.749
939.000000,261.431,-17.389,225.409
940.000000,269.742,-19.783,223.233
941.000000,266.614,-14.739,225.127
942.000000,267.909,-19.173,221.789
943.000000,265.144,-20.652,222.289
944.000000,264.826,-17.327,224.804
945.000000,265.743,-21.426,224.337
946.000000,265.273,-10.335,225.424
947.000000,277.056,-12.842,222.264
948.000000,271.817,-9.970,222.776
949.000000,257.926,-10.747,222.661
950.000000,273.717,-15.980,222.684
951.000000,262.884,-13.426,224.792
952.000000,266.584,-20.775,220.623
953.000000,270.152,-19.561,222.345
954.000000,257.410,-15.247,221.962
955.000000,261.034,-17.785,224.600
956.000000,262.674,-16.828,223.335
957.000000,277.199,-17.452,221.903
958.000000,266.405,-18.390,223.645
959.000000,269.500,-6.882,223.069
960.000000,259.756,-17.290,223.725
961.000000,257.195,-12.592,221.323
962.000000,273.489,-12.156,221.653
963.000000,270.244,-17.096,221.921
964.000000,273.793,-18.485,223.332
965.000000,279.337,-18.327,224.072
966.000000,267.044,-13.127,221.998
967.000000,267.406,-16.844,222.792
968.000000,260.318,-15.316,219.284
969.000000,276.537,-16.264,224.821
970.000000,264.882,-11.248,223.794
971.000000,261.446,-21.574,222.143
972.000000,261.164,-12.026,222.729
973.000000,268.103,-17.703,221.234
974.000000,261.686,-13.754,223.081
975.000000,258.624,-11.943,222.393
976.000000,263.542,-15.728,223.666
977.000000,289.492,-9.465,222.962
978.000000,266.298,-20.491,222.671
979.000000,273.017,-12.190,224.493
980.000000,277.022,-9.885,225.164
981.000000,284.073,-15.210,223.637
982.000000,287.918,-14.229,222.813
983.000000,269.869,-19.631,221.343
984.000000,273.717,-13.422,224.809
985.000000,272.463,-12.259,226.181
986.000000,269.143,-15.826,222.013
987.000000,280.778,-14.036,219.901
988.000000,272.476,-15.026,223.141
989.000000,277.031,-14.355,221.278
990.000000,260.218,-13.702,221.492
991.000000,267.365,-11.581,223.377
992.000000,261.669,-20.264,222.747
993.000000,267.512,-13.126,219.638
994.000000,272.356,-8.427,219.114
995.000000,267.340,-9.919,221.391
996.000000,279.240,-13.491,221.017
997.000000,273.099,-10.002,219.736
998.000000,262.849,-11.759,216.326
999.000000,262.404,-18.869,219.714
1000.000000,263.117,-15.048,219.135
1001.000000,263.043,-6.464,219.432
1002.000000,259.361,-15.177,219.384
1003.000000,262.194,-12.476,217.096
1004.000000,262.841,-11.099,219.407
1005.000000,265.869,-13.569,220.234
1006.000000,267.186,-14.983,221.139
1007.000000,271.351,-19.201,221.651
1008.000000,269.581,-10.847,218.140
1009.000000,277.996,-16.226,218.287
1010.000000,263.223,-18.652,221.888
1011.000000,259.275,-19.662,220.463
1012.000000,264.499,-14.837,219.705
1013.000000,271.521,-13.838,216.848
1014.000000,260.828,-15.049,219.330
1015.000000,268.818,-14.837,219.281
1016.000000,255.487,-9.045,219.988
1017.000000,277.998,-13.922,216.741
1018.000000,266.542,-9.323,219.768
1019.000000,263.230,-10.149,217.519
1020.000000,250.314,-10.749,220.598
1021.000000,271.362,-15.930,218.833
1022.000000,253.206,-11.270,218.882
1023.000000,269.457,-10.267,218.998
1024.000000,251.037,-10.995,219.352
1025.000000,257.845,-15.905,222.125
1026.000000,269.120,-17.676,224.737
1027.000000,256.174,-11.599,224.028
1028.000000,256.653,-11.528,224.862
1029.000000,261.166,-13.489,224.098
1030.000000,256.013,-14.733,225.397
1031.000000,263.746,-11.596,225.161
1032.000000,256.623,-10.794,223.863
1033.000000,264.602,-7.192,223.080
1034.000000,246.022,-12.257,222.055
1035.000000,255.317,-12.726,225.960
1036.000000,229.894,-16.214,222.076
1037.000000,264.663,-14.849,224.215
1038.000000,252.449,-10.466,220.677
1039.000000,251.927,-10.945,222.950
1040.000000,255.361,-15.797,223.653
1041.000000,250.225,-16.799,226.520
1042.000000,241.045,-20.911,224.554
1043.000000,235.858,-12.675,224.570
1044.000000,242.011,-12.771,221.450
1045.000000,244.669,-14.802,225.152
1046.000000,244.493,-13.303,226.088
1047.000000,229.735,-11.066,226.557
1048.000000,226.580,-14.215,223.186
1049.000000,235.254,-11.126,223.453
1050.000000,225.283,-13.818,225.500
1051.000000,237.038,-9.973,230.167
1052.000000,235.991,-13.742,230.310
1053.000000,226.537,-10.831,225.071
1054.000000,225.304,-9.836,226.534
1055.000000,230.410,-17.275,225.418
1056.000000,225.382,-8.676,226.461
1057.000000,226.466,-10.447,228.582
1058.000000,240.581,-8.544,224.639
1059.000000,231.655,-16.241,225.633
1060.000000,229.290,-13.172,227.150
1061.000000,225.421,-13.769,228.694
1062.000000,225.087,-14.984,226.652
1063.000000,232.558,-10.430,224.720
1064.000000,220.704,-16.893,226.840
1065.000000,217.698,-9.540,227.562
1066.000000,212.055,-15.632,228.337
1067.000000,211.157,-14.980,228.179
1068.000000,204.483,-10.763,229.819
1069.000000,208.405,-12.640,229.645
1070.000000,202.451,-12.990,228.682
1071.000000,211.257,-10.714,230.491
1072.000000,211.519,-13.870,230.972
1073.000000,202.569,-13.790,230.206
1074.000000,208.216,-14.054,230.468
1075.000000,203.802,-16.190,232.484
1076.000000,213.920,-12.241,231.023
1077.000000,214.952,-11.710,231.939
1078.000000,213.791,-10.611,233.979
1079.000000,200.115,-9.883,233.893
1080.000000,208.256,-12.027,234.059
1081.000000,193.110,-10.364,234.646
1082.000000,196.694,-10.248,238.639
1083.000000,189.619,-9.353,238.394
1084.000000,185.298,-7.791,238.756
1085.000000,190.021,-10.169,238.280
1086.000000,186.402,-10.017,240.169
1087.000000,192.033,-11.513,241.035
1088.000000,180.721,-10.481,240.227
1089.000000,187.227,-13.101,240.250
1090.000000,196.840,-12.027,243.411
1091.000000,187.603,-8.756,243.180
1092.000000,193.230,-8.375,245.513
1093.000000,184.414,-8.740,243.408
1094.000000,192.150,-11.245,242.143
1095.000000,186.733,-11.623,241.945
1096.000000,181.794,-13.253,243.593
1097.000000,175.592,-11.692,245.074
1098.000000,183.834,-12.360,244.362
1099.000000,171.654,-10.963,244.495
1100.000000,166.642,-12.488,243.141
1101.000000,174.551,-10.401,245.918
1102.000000,148.973,-8.400,246.786
1103.000000,146.937,-11.009,247.033
1104.000000,148.569,-7.325,244.278
1105.000000,147.748,-6.710,246.178
1106.000000,147.226,-7.574,246.523
1107.000000,151.546,-7.010,245.540
1108.000000,148.801,-8.805,245.881
1109.000000,142.808,-6.281,245.118
1110.000000,147.242,-6.381,246.685
1111.000000,146.186,-8.920,245.118
1112.000000,143.892,-4.258,248.393
1113.000000,151.683,-3.183,247.490
1114.000000,139.516,-5.285,246.320
1115.000000,135.156,-8.938,245.411
1116.000000,124.526,-6.180,246.927
1117.000000,131.830,-3.393,247.323
1118.000000,125.532,-6.460,247.534
1119.000000,117.295,0.627,244.340
1120.000000,115.036,-1.200,248.411
1121.000000,114.605,-3.523,247.235
1122.000000,117.734,-3.588,248.919
1123.000000,113.107,-3.972,249.392
1124.000000,120.937,-6.281,248.719
1125.000000,113.103,-3.076,250.181
1126.000000,114.919,-1.232,252.437
1127.000000,123.743,2.089,252.022
1128.000000,118.162,-6.880,253.162
1129.000000,119.867,-1.300,250.952
1130.000000,114.354,0.859,251.889
1131.000000,109.858,0.057,251.569
1132.000000,117.872,-2.181,252.929
1133.000000,117.025,-2.961,255.566
1134.000000,125.174,3.399,252.615
1135.000000,125.785,-0.383,251.938
1136.000000,84.583,4.098,253.659
1137.000000,85.597,1.638,253.218
1138.000000,120.042,0.264,255.233
1139.000000,134.420,1.057,253.059
1140.000000,127.688,-0.536,253.395
1141.000000,137.545,3.134,252.449
1142.000000,131.466,-2.794,253.849
1143.000000,102.051,3.300,254.716
1144.000000,119.358,1.939,254.689
1145.000000,133.227,4.481,254.370
1146.000000,127.792,0.113,254.745
1147.000000,132.713,2.236,254.772
1148.000000,127.921,0.961,255.389
1149.000000,122.043,4.066,256.199
1150.000000,117.407,5.412,257.006
1151.000000,112.281,2.500,256.260
1152.000000,108.812,3.550,257.355
1153.000000,106.546,2.420,256.252
1154.000000,106.832,5.212,258.755
1155.000000,108.054,5.627,258.429
1156.000000,105.819,6.623,256.683
1157.000000,107.570,2.872,259.776
1158.000000,108.449,2.637,258.653
1159.000000,109.389,2.751,257.968
1160.000000,107.665,-0.686,256.711
1161.000000,108.220,7.165,253.726
1162.000000,106.574,-1.049,258.909
1163.000000,106.706,4.694,256.324
1164.000000,109.442,7.384,256.507
1165.000000,108.725,5.510,255.791
1166.000000,105.836,2.142,255.807
1167.000000,100.516,2.704,257.288
1168.000000,96.197,8.864,259.397
1169.000000,95.004,0.662,257.935
1170.000000,88.253,2.739,256.374
1171.000000,84.783,4.597,255.831
1172.000000,85.406,1.941,255.303
1173.000000,77.918,6.687,255.925
1174.000000,75.676,7.051,256.064
1175.000000,74.425,4.266,255.125
1176.000000,71.019,7.251,255.208
1177.000000,67.129,2.942,256.200
1178.000000,71.451,6.229,256.244
1179.000000,70.443,4.013,256.912
1180.000000,71.941,7.357,255.472
1181.000000,74.270,1.531,257.057
1182.000000,72.379,3.371,257.362
1183.000000,74.345,0.799,258.512
1184.000000,73.173,-0.082,258.756
1185.000000,72.032,4.952,256.969
1186.000000,68.353,-3.087,255.932
1187.000000,69.931,3.172,258.257
1188.000000,65.526,5.797,255.154
1189.000000,65.110,5.015,255.752
1190.000000,59.984,1.661,254.467
1191.000000,41.935,2.295,255.530
1192.000000,40.420,8.982,256.752
1193.000000,40.113,6.527,256.808
1194.000000,32.061,3.046,259.051
1195.000000,30.439,6.793,255.527
1196.000000,32.129,7.719,256.704
1197.000000,29.501,2.244,257.374
1198.000000,34.016,7.057,257.776
1199.000000,33.331,6.745,259.517
1200.000000,31.375,1.596,258.046
1201.000000,30.680,5.365,256.127
1202.000000,30.206,5.832,255.338
1203.000000,26.838,4.387,258.840
1204.000000,28.110,1.281,257.623
1205.000000,32.916,7.172,257.903
1206.000000,31.695,2.245,256.362
1207.000000,35.159,5.766,254.424
1208.000000,30.114,-4.508,254.363
1209.000000,33.291,2.380,255.642
1210.000000,26.550,0.884,255.555
1211.000000,22.373,2.513,256.340
1212.000000,17.566,1.899,256.385
1213.000000,17.066,5.633,257.536
1214.000000,16.266,7.324,256.350
1215.000000,14.881,0.238,259.306
1216.000000,9.481,4.769,257.363
1217.000000,8.389,5.733,257.628
1218.000000,2.458,4.271,257.656
1219.000000,4.590,1.931,258.755
1220.000000,2.730,2.214,259.948
1221.000000,5.268,5.686,260.406
1222.000000,5.401,7.077,260.441
1223.000000,8.447,8.152,260.559
1224.000000,7.844,4.239,260.894
1225.000000,7.420,7.824,261.617
1226.000000,8.641,1.319,261.338
1227.000000,10.997,7.891,260.272
1228.000000,10.388,1.152,259.603
1229.000000,8.287,13.717,258.828
1230.000000,6.672,7.028,260.632
1231.000000,8.374,4.750,258.588
1232.000000,3.726,5.901,257.620
1233.000000,3.557,5.555,259.183
1234.000000,5.848,4.293,258.544
1235.000000,2.837,5.226,259.156
1236.000000,7.996,7.544,258.302
1237.000000,5.641,5.653,255.136
1238.000000,8.966,6.735,256.821
1239.000000,12.828,4.639,257.946
1240.000000,11.572,0.493,258.024
1241.000000,7.550,2.731,257.897
1242.000000,8.907,5.585,255.523
1243.000000,13.087,3.379,258.775
1244.000000,3.243,-0.471,257.957
1245.000000,10.607,4.869,258.578
1246.000000,10.171,6.414,255.822
1247.000000,12.469,6.614,255.645
1248.000000,6.965,8.740,255.752
1249.000000,5.710,-3.011,256.121
1250.000000,6.466,4.225,256.372
1251.000000,9.624,1.788,256.136
1252.000000,5.645,6.846,254.833
1253.000000,5.606,-0.171,254.177
1254.000000,9.697,5.073,255.371
1255.000000,12.590,4.492,256.349
1256.000000,10.726,9.389,257.064
1257.000000,8.789,-2.546,256.364
1258.000000,10.297,10.699,256.664
1259.000000,5.754,0.742,259.154
1260.000000,12.615,7.298,260.478
1261.000000,12.581,8.986,257.664
1262.000000,7.257,6.895,258.020
1263.000000,11.625,5.634,258.581
1264.000000,4.603,5.107,258.928
1265.000000,5.639,4.575,259.543
1266.000000,7.268,7.218,260.412
1267.000000,5.893,10.931,258.221
1268.000000,4.618,-0.800,257.426
1269.000000,2.311,9.204,259.007
1270.000000,0.235,4.739,258.391
1271.000000,-2.796,6.837,258.776
1272.000000,-2.610,10.766,258.544
1273.000000,-8.240,14.913,257.797
1274.000000,-4.949,4.791,258.526
1275.000000,-12.398,7.448,258.279
1276.000000,-17.330,5.654,257.705
1277.000000,-11.890,8.010,259.030
1278.000000,-10.487,3.282,257.531
1279.000000,-9.417,10.751,260.913
1280.000000,-5.549,8.076,259.386
1281.000000,-8.980,9.323,259.660
1282.000000,-11.156,0.527,258.309
1283.000000,-7.282,11.742,257.362
1284.000000,-8.852,10.998,257.763
1285.000000,-13.722,8.210,258.377
1286.000000,-12.014,4.510,257.824
1287.000000,-5.931,5.205,257.537
1288.000000,-10.358,5.786,257.766
1289.000000,-4.174,4.045,259.503
1290.000000,-13.415,7.793,260.841
1291.000000,-15.506,4.824,261.156
1292.000000,-13.492,11.364,258.744
1293.000000,-15.332,8.474,258.203
1294.000000,-8.863,9.518,259.333
1295.000000,-17.652,9.122,259.611
1296.000000,-13.193,8.607,260.617
1297.000000,-15.899,12.441,259.147
1298.000000,-11.175,5.652,260.103
1299.000000,-15.376,12.589,259.344
1300.000000,-11.102,12.804,260.139
1301.000000,-15.924,7.644,260.526
1302.000000,-15.122,7.909,257.939
1303.000000,-14.755,9.701,258.024
1304.000000,-17.355,12.754,258.611
1305.000000,-16.456,5.538,259.410
1306.000000,-19.947,11.578,258.620
1307.000000,-24.284,13.118,256.991
1308.000000,-23.995,6.333,256.281
1309.000000,-24.696,5.105,257.013
1310.000000,-25.701,7.528,260.007
1311.000000,-28.955,5.784,258.134
1312.000000,-27.888,0.543,258.170
1313.000000,-33.749,11.195,256.269
1314.000000,-29.117,7.047,256.573
1315.000000,-31.274,8.770,257.822
1316.000000,-23.784,4.744,259.441
1317.000000,-30.886,8.507,257.602
1318.000000,-29.086,7.981,255.387
1319.000000,-24.010,2.849,256.792
1320.000000,-27.073,6.866,256.529
1321.000000,-24.156,9.027,256.826
1322.000000,-30.464,12.044,257.790
1323.000000,-28.330,10.669,256.850
1324.000000,-32.626,8.240,257.859
1325.000000,-26.387,4.575,259.267
1326.000000,-32.519,13.222,259.981
1327.000000,-26.978,15.214,259.886
1328.000000,-29.609,6.879,259.026
1329.000000,-41.733,10.516,259.597
1330.000000,-33.093,9.667,260.722
1331.000000,-35.207,13.997,261.415
1332.000000,-30.294,6.830,260.700
1333.000000,-31.026,7.079,259.871
1334.000000,-28.575,9.503,259.547
1335.000000,-32.363,8.508,263.410
1336.000000,-30.916,6.451,264.289
1337.000000,-35.242,6.035,261.644
1338.000000,-29.368,11.346,261.456
1339.000000,-27.550,10.035,261.099
1340.000000,-31.204,7.409,262.147
1341.000000,-31.726,13.601,264.634
1342.000000,-30.569,9.633,264.151
1343.000000,-32.001,8.010,261.163
1344.000000,-29.496,11.079,262.411
1345.000000,-25.484,5.419,262.614
1346.000000,-28.791,6.198,261.228
1347.000000,-27.702,7.580,262.659
1348.000000,-26.339,7.015,261.653
1349.000000,-30.813,12.691,261.601
1350.000000,-30.279,11.228,260.363
1351.000000,-29.612,3.545,261.251
1352.000000,-29.603,9.153,261.010
1353.000000,-35.166,7.333,259.854
1354.000000,-33.224,10.267,258.827
1355.000000,-35.152,7.196,260.441
1356.000000,-33.320,4.860,262.721
1357.000000,-35.053,10.951,262.472
1358.000000,-31.463,10.385,263.304
1359.000000,-37.182,3.281,260.631
1360.000000,-37.621,1.905,259.365
1361.000000,-30.055,6.914,262.154
1362.000000,-31.771,5.059,261.461
1363.000000,-30.432,7.678,259.140
1364.000000,-31.368,2.687,261.060
1365.000000,-29.534,5.692,259.465
1366.000000,-36.293,5.792,259.962
1367.000000,-33.416,-0.104,261.148
1368.000000,-35.732,4.148,260.831
1369.000000,-33.842,4.840,259.633
1370.000000,-29.103,12.145,259.785
1371.000000,-29.863,6.318,259.251
1372.000000,-33.569,8.078,260.278
1373.000000,-29.265,13.491,261.010
1374.000000,-32.703,7.510,258.962
1375.000000,-37.041,8.294,258.792
1376.000000,-34.089,10.682,257.730
1377.000000,-30.218,9.537,257.920
1378.000000,-31.992,11.415,258.073
1379.000000,-27.628,5.141,257.872
1380.000000,-36.412,11.013,256.823
1381.000000,-35.907,7.512,258.905
1382.000000,-31.712,5.920,258.145
1383.000000,-32.656,2.833,258.874
1384.000000,-30.731,10.188,256.188
1385.000000,-31.792,0.724,256.144
1386.000000,-29.974,8.874,257.087
1387.000000,-29.254,0.258,258.513
1388.000000,-30.284,-2.129,259.064
1389.000000,-33.798,10.617,258.009
1390.000000,-28.192,2.928,257.941
1391.000000,-33.744,8.840,257.532
1392.000000,-27.257,4.026,259.670
1393.000000,-32.809,9.356,259.350
1394.000000,-31.022,5.851,258.689
1395.000000,-27.495,9.258,258.291
1396.000000,-25.117,12.045,258.567
1397.000000,-29.977,5.174,259.645
1398.000000,-29.663,8.809,261.179
1399.000000,-30.902,10.901,259.870
1400.000000,-26.227,5.841,261.410
1401.000000,-24.263,9.071,261.881
1402.000000,-33.495,6.599,260.424
1403.000000,-26.404,2.124,262.928
1404.000000,-26.457,6.204,262.456
1405.000000,-28.878,5.823,260.739
1406.000000,-30.353,7.651,260.452
1407.000000,-30.101,6.007,260.772
1408.000000,-28.633,11.699,260.652
1409.000000,-32.743,11.018,261.600
1410.000000,-28.269,10.636,259.291
1411.000000,-28.602,10.984,259.262
1412.000000,-35.359,4.247,261.368
1413.000000,-32.923,6.535,261.690
1414.000000,-27.920,7.068,262.054
1415.000000,-26.947,4.959,259.634
1416.000000,-35.656,4.860,260.514
1417.000000,-28.896,3.349,260.256
1418.000000,-33.356,10.120,263.736
1419.000000,-32.148,7.085,261.600
1420.000000,-33.363,3.917,260.238
1421.000000,-33.456,13.475,261.233
1422.000000,-29.070,9.160,260.515
1423.000000,-32.256,13.261,261.605
1424.000000,-28.142,6.071,263.467
1425.000000,-26.259,14.536,262.457
1426.000000,-28.406,5.745,261.798
1427.000000,-35.312,9.194,261.687
1428.000000,-26.622,11.369,262.997
1429.000000,-27.778,6.339,263.074
1430.000000,-27.098,8.848,260.712
1431.000000,-29.115,8.515,258.901
1432.000000,-28.595,6.474,260.853
1433.000000,-29.959,7.751,261.511
1434.000000,-32.369,9.639,261.415
1435.000000,-29.965,6.736,262.883
1436.000000,-27.595,11.203,263.439
1437.000000,-31.041,7.899,261.298
1438.000000,-31.848,10.620,262.146
1439.000000,-29.731,3.569,261.717
1440.000000,-35.305,10.321,262.351
1441.000000,-34.448,13.376,262.335
1442.000000,-31.199,1.441,260.906
1443.000000,-28.508,4.682,260.405
1444.000000,-31.847,7.371,262.253
1445.000000,-30.135,10.009,261.553
1446.000000,-32.893,6.060,259.868
1447.000000,-34.160,12.544,260.071
1448.000000,-40.138,8.531,259.178
1449.000000,-29.412,7.883,259.852
1450.000000,-27.979,7.980,261.535
1451.000000,-33.740,5.727,260.260
1452.000000,-29.115,5.095,258.477
1453.000000,-32.018,6.359,259.992
1454.000000,-25.243,3.918,261.528
1455.000000,-26.500,4.021,261.453
1456.000000,-24.221,5.645,259.610
1457.000000,-26.614,0.615,258.961
1458.000000,-28.061,9.709,259.776
1459.000000,-28.752,8.512,261.508
1460.000000,-33.076,4.584,261.118
1461.000000,-37.424,0.967,259.479
1462.000000,-29.005,5.128,259.677
1463.000000,-34.475,7.652,259.203
1464.000000,-33.433,3.985,260.251
1465.000000,-33.391,5.148,261.583
1466.000000,-33.066,6.608,260.579
1467.000000,-29.372,9.113,260.049
1468.000000,-33.963,5.745,259.936
1469.000000,-26.985,2.475,258.829
1470.000000,-38.264,7.871,262.538
1471.000000,-32.640,11.770,259.720
1472.000000,-35.539,2.939,258.415
1473.000000,-33.665,6.642,260.374
1474.000000,-34.460,7.715,259.008
1475.000000,-34.260,4.633,258.957
1476.000000,-35.491,4.799,257.505
1477.000000,-27.751,6.854,257.758
1478.000000,-35.070,11.999,257.483
1479.000000,-32.838,4.817,256.584
1480.000000,-35.875,6.458,258.346
1481.000000,-35.006,4.334,257.634
1482.000000,-34.224,12.401,258.508
1483.000000,-38.024,8.383,256.105
1484.000000,-28.120,7.800,255.593
1485.000000,-31.441,2.942,255.844
1486.000000,-27.434,8.452,257.894
1487.000000,-36.110,9.526,256.361
1488.000000,-29.868,12.613,257.999
1489.000000,-34.947,2.341,258.923
1490.000000,-34.394,8.169,258.797
1491.000000,-24.983,5.861,259.540
1492.000000,-34.832,8.581,258.862
1493.000000,-25.460,1.829,258.885
1494.000000,-25.876,5.201,257.621
1495.000000,-28.782,7.568,258.982
1496.000000,-34.984,9.164,259.576
1497.000000,-34.320,8.517,258.737
1498.000000,-31.645,2.710,257.026
1499.000000,-30.933,7.486,258.126
1500.000000,-35.325,5.926,257.501
1501.000000,-27.992,5.379,257.246
1502.000000,-30.907,5.296,255.575
1503.000000,-35.848,4.704,256.439
1504.000000,-31.757,8.405,256.804
1505.000000,-30.941,12.037,256.240
1506.000000,-34.438,13.860,257.954
1507.000000,-32.664,7.489,258.239
1508.000000,-36.522,8.868,256.902
1509.000000,-31.527,0.370,257.591
1510.000000,-33.641,4.234,258.230
1511.000000,-30.904,6.954,257.348
1512.000000,-31.678,7.556,257.476
1513.000000,-29.994,6.331,257.032
1514.000000,-34.292,3.291,256.703
1515.000000,-27.340,6.776,256.891
1516.000000,-39.758,3.899,256.610
1517.000000,-35.284,5.808,258.358
1518.000000,-27.354,1.349,258.340
1519.000000,-28.787,4.631,257.227
1520.000000,-35.261,12.150,259.552
1521.000000,-31.930,3.238,258.725
1522.000000,-22.190,4.731,258.666
1523.000000,-22.329,3.638,258.974
1524.000000,-32.819,9.081,257.074
1525.000000,-30.015,9.661,260.033
1526.000000,-26.964,4.253,260.264
1527.000000,-29.000,4.551,258.921
1528.000000,-35.870,2.560,257.481
1529.000000,-28.036,2.511,254.607
1530.000000,-27.235,4.749,256.453
1531.000000,-31.103,4.917,256.173
1532.000000,-26.539,7.871,257.729
1533.000000,-32.382,6.095,257.703
1534.000000,-33.626,1.132,257.158
1535.000000,-29.639,7.344,255.230
1536.000000,-30.255,9.497,255.673
1537.000000,-29.448,7.009,258.253
1538.000000,-34.552,8.535,258.316
1539.000000,-35.706,9.364,256.150
1540.000000,-24.465,4.321,256.339
1541.000000,-30.615,9.925,255.942
1542.000000,-27.704,17.159,257.203
1543.000000,-29.977,26.899,255.804
1544.000000,-29.561,35.228,255.325
1545.000000,-30.965,48.948,256.566
1546.000000,-31.056,64.440,257.384
1547.000000,-29.607,83.148,256.721
1548.000000,-29.645,103.411,255.595
1549.000000,-30.782,121.087,256.214
1550.000000,-27.527,133.832,253.903
1551.000000,-28.951,147.840,254.759
1552.000000,-28.394,156.857,258.466
1553.000000,-36.437,165.210,256.220
1554.000000,-30.720,172.205,255.758
1555.000000,-26.320,184.319,256.672
1556.000000,-30.483,190.218,257.394
1557.000000,-27.635,196.648,257.730
1558.000000,-19.110,204.176,258.135
1559.000000,-29.567,206.468,258.402
1560.000000,-23.952,213.444,257.980
1561.000000,-35.327,207.085,259.783
1562.000000,-28.069,223.039,260.181
1563.000000,-31.597,207.608,258.782
1564.000000,-29.978,210.027,258.042
1565.000000,-32.351,211.873,257.685
1566.000000,-36.093,218.516,258.957
1567.000000,-39.046,223.709,256.569
1568.000000,-31.137,229.754,256.432
1569.000000,-28.797,238.004,255.830
1570.000000,-34.477,227.466,257.990
1571.000000,-36.724,245.876,256.267
1572.000000,-35.330,248.305,256.392
1573.000000,-42.373,249.147,255.017
1574.000000,-38.135,257.049,253.857
1575.000000,-35.442,252.790,251.793
1576.000000,-44.412,250.024,252.900
1577.000000,-45.613,254.465,253.384
1578.000000,-35.843,250.511,252.983
1579.000000,-40.530,261.629,251.035
1580.000000,-41.750,248.102,252.300
1581.000000,-40.649,259.346,249.556
1582.000000,-49.364,263.236,251.537
1583.000000,-44.124,271.476,250.720
1584.000000,-39.905,274.053,248.949
1585.000000,-36.966,278.458,249.796
1586.000000,-37.371,275.220,245.712
1587.000000,-47.137,274.307,248.733
1588.000000,-49.769,284.193,247.881
1589.000000,-39.820,281.912,244.486
1590.000000,-54.329,283.622,245.820
1591.000000,-45.962,294.873,242.740
1592.000000,-48.219,291.600,242.842
1593.000000,-54.106,302.449,245.274
1594.000000,-48.844,298.724,243.692
1595.000000,-49.311,308.739,244.060
1596.000000,-49.107,320.651,244.096
1597.000000,-53.441,331.032,244.473
1598.000000,-55.220,323.823,242.820
1599.000000,-54.760,332.978,240.205
1600.000000,-54.073,326.618,239.104
1601.000000,-57.313,336.721,236.258
1602.000000,-54.556,333.169,235.253
1603.000000,-60.375,341.130,236.896
1604.000000,-54.189,324.590,234.431
1605.000000,-55.417,330.819,233.635
1606.000000,-61.719,339.802,233.351
1607.000000,-59.830,336.106,232.471
1608.000000,-62.786,336.631,229.198
1609.000000,-66.879,343.517,231.972
1610.000000,-69.751,340.307,230.426
1611.000000,-60.559,318.502,227.015
1612.000000,-62.461,319.763,231.516
1613.000000,-66.717,334.090,228.624
1614.000000,-59.051,334.205,226.359
1615.000000,-61.615,336.805,223.210
1616.000000,-67.237,335.859,224.061
1617.000000,-69.874,331.147,224.721
1618.000000,-62.644,344.546,224.400
1619.000000,-71.179,342.832,217.362
1620.000000,-65.264,341.479,218.227
1621.000000,-63.027,323.047,218.368
1622.000000,-68.263,313.576,217.103
1623.000000,-65.912,319.825,216.086
1624.000000,-68.122,329.817,214.390
1625.000000,-75.403,319.399,211.816
1626.000000,-68.067,325.815,210.633
1627.000000,-70.919,325.190,208.276
1628.000000,-71.598,331.204,207.343
1629.000000,-73.249,330.806,204.093
1630.000000,-72.164,333.083,200.277
1631.000000,-74.566,336.363,200.095
1632.000000,-72.123,336.165,201.510
1633.000000,-74.543,336.771,199.002
1634.000000,-73.756,337.326,198.414
1635.000000,-74.241,336.365,200.201
1636.000000,-77.813,346.131,196.941
1637.000000,-74.782,351.585,193.419
1638.000000,-79.335,349.350,192.961
1639.000000,-77.540,346.954,189.322
1640.000000,-74.507,350.461,190.913
1641.000000,-75.041,348.748,190.662
1642.000000,-73.661,352.365,187.887
1643.000000,-75.934,350.331,188.220
1644.000000,-72.266,359.503,187.378
1645.000000,-75.699,349.119,185.986
1646.000000,-73.858,354.418,187.060
1647.000000,-76.723,356.037,184.971
1648.000000,-74.748,355.529,184.216
1649.000000,-74.535,361.418,184.816
1650.000000,-78.047,356.380,183.490
1651.000000,-74.318,365.872,182.954
1652.000000,-75.141,369.265,182.799
1653.000000,-76.547,372.722,180.688
1654.000000,-74.345,374.729,179.081
1655.000000,-74.165,377.428,179.271
1656.000000,-74.897,368.129,177.125
1657.000000,-74.989,376.931,176.122
1658.000000,-76.274,378.983,177.676
1659.000000,-78.057,377.905,176.839
1660.000000,-75.217,380.278,174.971
1661.000000,-75.692,379.436,174.824
1662.000000,-78.168,383.458,176.704
1663.000000,-74.256,383.523,174.107
1664.000000,-76.131,387.776,173.870
1665.000000,-74.095,389.955,173.944
1666.000000,-77.762,395.733,172.732
1667.000000,-75.925,397.453,169.946
1668.000000,-76.064,398.566,170.717
1669.000000,-79.002,400.369,173.327
1670.000000,-78.190,403.543,170.166
1671.000000,-77.140,402.730,169.266
1672.000000,-74.322,406.296,165.934
1673.000000,-75.903,410.092,166.190
1674.000000,-74.071,412.358,163.649
1675.000000,-73.295,421.331,167.546
1676.000000,-75.947,414.240,164.026
1677.000000,-72.664,412.763,165.118
1678.000000,-75.312,412.542,163.859
1679.000000,-73.372,423.415,166.633
1680.000000,-75.556,416.437,164.126
1681.000000,-71.502,418.636,164.814
1682.000000,-72.148,421.331,164.306
1683.000000,-71.380,426.208,164.794
1684.000000,-73.469,424.840,163.237
1685.000000,-74.483,421.224,165.738
1686.000000,-76.523,424.869,160.160
1687.000000,-73.748,423.104,159.981
1688.000000,-74.702,421.129,161.613
1689.000000,-75.199,420.935,162.084
1690.000000,-71.873,423.981,163.665
1691.000000,-72.321,424.227,162.610
1692.000000,-71.455,425.892,161.886
1693.000000,-72.147,420.584,161.955
1694.000000,-70.580,430.762,157.448
1695.000000,-72.464,423.906,161.912
1696.000000,-72.926,424.275,161.556
1697.000000,-70.797,427.620,164.984
1698.000000,-73.227,426.842,162.392
1699.000000,-73.173,422.871,165.197
1700.000000,-73.146,422.254,162.421
1701.000000,-68.981,424.739,160.732
1702.000000,-73.796,427.920,161.610
1703.000000,-75.198,424.968,162.554
1704.000000,-71.068,432.640,163.113
1705.000000,-71.193,427.520,164.320
1706.000000,-75.780,424.321,163.459
1707.000000,-72.553,423.305,162.346
1708.000000,-70.969,430.930,161.637
1709.000000,-74.193,421.817,161.196
1710.000000,-74.752,426.858,159.019
1711.000000,-75.000,429.187,159.291
1712.000000,-74.255,418.928,162.464
1713.000000,-74.088,421.850,160.154
1714.000000,-74.743,421.986,161.261
1715.000000,-72.213,423.306,158.905
1716.000000,-72.158,422.598,159.078
1717.000000,-71.736,424.882,162.150
1718.000000,-73.615,422.440,161.140
1719.000000,-73.739,426.728,160.088
1720.000000,-71.996,425.798,162.172
1721.000000,-75.042,420.947,165.245
1722.000000,-72.423,424.497,162.456
1723.000000,-73.881,421.505,163.074
1724.000000,-70.827,421.698,165.897
1725.000000,-75.353,417.464,161.345
1726.000000,-72.720,418.313,160.106
1727.000000,-71.159,421.557,161.490
1728.000000,-71.731,426.873,163.215
1729.000000,-71.593,428.406,158.910
1730.000000,-72.874,421.511,162.341
1731.000000,-72.977,423.451,162.261
1732.000000,-75.708,426.837,163.193
1733.000000,-69.805,427.724,161.336
1734.000000,-72.879,423.555,163.467
1735.000000,-72.162,423.402,160.888
1736.000000,-73.119,421.438,162.846
1737.000000,-71.821,417.950,162.114
1738.000000,-72.924,425.851,164.753
1739.000000,-72.668,419.394,162.757
1740.000000,-74.634,425.905,160.163
1741.000000,-70.966,422.050,159.115
1742.000000,-72.272,419.089,165.022
1743.000000,-75.838,421.098,160.515
1744.000000,-72.479,426.812,160.488
1745.000000,-74.730,424.883,159.828
1746.000000,-71.999,420.040,162.711
1747.000000,-72.477,420.451,161.803
1748.000000,-73.227,417.170,161.984
1749.000000,-73.788,418.060,161.668
1750.000000,-71.619,417.812,160.457
1751.000000,-72.420,422.139,159.315
1752.000000,-72.322,420.203,160.480
1753.000000,-76.444,426.144,159.917
1754.000000,-73.477,418.179,161.793
1755.000000,-71.284,420.677,162.518
1756.000000,-70.999,415.272,164.380
1757.000000,-77.090,420.458,159.928
1758.000000,-73.428,422.332,163.989
1759.000000,-72.753,415.541,163.916
1760.000000,-72.964,414.270,163.634
1761.000000,-74.531,404.621,164.777
1762.000000,-78.623,396.257,168.440
1763.000000,-75.176,385.674,171.379
1764.000000,-70.436,381.289,176.141
1765.000000,-79.029,364.054,178.374
1766.000000,-76.460,350.398,182.056
1767.000000,-76.828,341.587,183.723
1768.000000,-73.233,328.157,183.966
1769.000000,-73.796,314.090,186.999
1770.000000,-76.271,314.677,188.924
1771.000000,-73.286,306.943,188.108
1772.000000,-68.556,288.729,189.221
1773.000000,-70.145,282.769,190.797
1774.000000,-72.707,278.632,191.624
1775.000000,-63.038,263.831,193.497
1776.000000,-66.509,265.092,193.181
1777.000000,-67.483,290.782,194.868
1778.000000,-69.138,273.114,194.767
1779.000000,-65.896,270.063,195.809
1780.000000,-64.651,272.838,198.095
1781.000000,-56.283,267.468,200.310
1782.000000,-57.619,252.624,201.067
1783.000000,-57.720,264.800,201.149
1784.000000,-55.406,253.925,202.614
1785.000000,-51.366,250.036,202.952
1786.000000,-51.965,258.095,202.289
1787.000000,-54.736,251.694,205.457
1788.000000,-52.256,249.024,205.900
1789.000000,-51.814,241.596,207.151
1790.000000,-48.375,239.159,208.882
1791.000000,-46.411,232.944,207.642
1792.000000,-49.066,241.862,209.902
1793.000000,-48.010,225.292,210.425
1794.000000,-45.693,217.805,212.030
1795.000000,-42.553,214.020,215.388
1796.000000,-40.989,199.421,212.811
1797.000000,-39.276,192.859,215.687
1798.000000,-38.696,182.439,215.837
1799.000000,-38.473,168.664,214.965
1800.000000,-35.921,161.005,216.177
1801.000000,-34.800,161.335,216.533
1802.000000,-33.654,154.691,214.660
1803.000000,-38.060,154.125,215.767
1804.000000,-34.871,152.135,216.918
1805.000000,-31.406,143.992,215.976
1806.000000,-34.154,148.721,217.413
1807.000000,-34.495,140.386,219.187
1808.000000,-28.875,150.694,218.037
1809.000000,-32.788,143.702,220.407
1810.000000,-25.170,135.644,220.896
1811.000000,-28.268,124.499,221.588
1812.000000,-30.827,106.852,222.872
1813.000000,-28.435,84.544,221.715
1814.000000,-25.332,68.802,221.840
1815.000000,-23.091,53.903,222.360
1816.000000,-28.120,52.376,220.111
1817.000000,-30.919,39.250,221.310
1818.000000,-29.139,28.016,223.235
1819.000000,-31.785,14.057,222.726
1820.000000,-29.975,-4.811,223.439
1821.000000,-28.536,-21.865,224.120
1822.000000,-30.233,-40.411,223.322
1823.000000,-29.392,-55.860,224.791
1824.000000,-31.948,-71.887,223.719
1825.000000,-36.397,-84.639,225.124
1826.000000,-32.188,-84.610,225.616
1827.000000,-28.892,-96.450,226.755
1828.000000,-31.837,-100.812,226.808
1829.000000,-33.587,-113.860,227.047
1830.000000,-38.783,-124.334,229.257
1831.000000,-34.713,-135.677,226.641
1832.000000,-36.715,-140.862,226.792
1833.000000,-34.165,-144.169,227.914
1834.000000,-34.229,-154.633,227.451
1835.000000,-34.111,-158.844,229.776
1836.000000,-37.302,-161.632,232.287
1837.000000,-52.574,-150.651,228.890
1838.000000,-51.108,-162.569,228.561
1839.000000,-51.339,-170.176,228.305
1840.000000,-48.552,-175.102,229.529
1841.000000,-47.685,-184.881,230.387
1842.000000,-42.757,-192.907,231.619
1843.000000,-41.603,-201.574,234.628
1844.000000,-41.150,-209.934,233.663
1845.000000,-42.559,-205.444,233.670
1846.000000,-42.972,-209.964,234.385
1847.000000,-49.246,-210.600,235.370
1848.000000,-44.820,-230.710,236.126
1849.000000,-52.211,-223.699,235.816
1850.000000,-48.765,-239.626,235.861
1851.000000,-52.027,-245.811,237.080
1852.000000,-51.339,-251.797,238.354
1853.000000,-53.688,-258.092,239.516
1854.000000,-51.150,-269.616,241.167
1855.000000,-56.743,-273.359,240.913
1856.000000,-63.274,-274.136,238.028
1857.000000,-59.613,-276.164,237.645
1858.000000,-63.938,-286.522,238.027
1859.000000,-64.165,-291.216,238.691
1860.000000,-70.117,-303.485,237.824
1861.000000,-69.632,-300.561,237.346
1862.000000,-69.384,-321.852,239.596
1863.000000,-69.835,-329.242,240.017
1864.000000,-75.712,-329.105,237.631
1865.000000,-75.916,-339.317,238.806
1866.000000,-77.657,-338.573,238.789
1867.000000,-79.922,-338.630,238.708
1868.000000,-69.656,-340.007,237.977
1869.000000,-83.451,-334.846,236.750
1870.000000,-81.177,-343.163,239.903
1871.000000,-85.410,-333.746,236.986
1872.000000,-83.449,-346.019,238.420
1873.000000,-79.575,-336.990,238.365
1874.000000,-83.073,-349.949,238.787
1875.000000,-82.203,-350.683,239.090
1876.000000,-81.761,-352.691,238.875
1877.000000,-80.689,-370.779,241.526
1878.000000,-83.553,-368.643,239.385
1879.000000,-85.071,-356.899,240.332
1880.000000,-86.658,-361.965,244.217
1881.000000,-84.636,-365.718,244.959
1882.000000,-90.002,-382.830,242.675
1883.000000,-87.197,-345.504,242.272
1884.000000,-89.501,-381.989,244.126
1885.000000,-92.793,-355.139,244.927
1886.000000,-98.935,-356.534,245.926
1887.000000,-93.649,-358.073,242.757
1888.000000,-104.347,-364.251,241.618
1889.000000,-98.385,-369.602,244.746
1890.000000,-98.628,-368.299,244.530
1891.000000,-100.886,-370.926,242.473
1892.000000,-105.548,-368.988,243.078
1893.000000,-108.970,-377.970,243.002
1894.000000,-107.195,-391.666,242.927
1895.000000,-114.782,-394.106,244.263
1896.000000,-119.608,-400.501,240.629
1897.000000,-113.028,-396.023,242.559
1898.000000,-109.476,-394.845,240.131
1899.000000,-112.311,-402.099,240.552
1900.000000,-115.275,-405.514,241.016
1901.000000,-117.447,-403.098,238.654
1902.000000,-114.599,-408.924,238.637
1903.000000,-119.926,-414.089,242.298
1904.000000,-118.867,-412.312,241.309
1905.000000,-120.862,-422.018,238.364
1906.000000,-120.011,-421.828,235.079
1907.000000,-122.052,-429.841,235.531
1908.000000,-124.261,-429.700,233.649
1909.000000,-119.629,-427.767,235.689
1910.000000,-126.705,-436.600,231.372
1911.000000,-126.243,-440.326,232.350
1912.000000,-123.468,-435.898,232.322
1913.000000,-129.109,-442.035,230.681
1914.000000,-121.997,-441.674,227.379
1915.000000,-127.859,-443.665,228.535
1916.000000,-128.413,-440.399,227.595
1917.000000,-128.508,-438.187,226.217
1918.000000,-128.442,-446.240,226.254
1919.000000,-128.064,-458.607,224.235
1920.000000,-126.559,-446.058,219.105
1921.000000,-126.926,-449.274,221.368
1922.000000,-125.845,-454.747,221.058
1923.000000,-125.847,-451.143,216.902
1924.000000,-123.304,-456.898,217.772
1925.000000,-125.404,-457.340,214.715
1926.000000,-126.803,-467.567,215.427
1927.000000,-125.593,-457.667,215.681
1928.000000,-127.989,-465.080,214.798
1929.000000,-128.429,-462.806,217.426
1930.000000,-124.831,-463.649,208.189
1931.000000,-128.153,-464.181,211.643
1932.000000,-124.366,-461.277,217.235
1933.000000,-124.865,-459.752,207.530
1934.000000,-126.699,-466.495,210.480
1935.000000,-125.956,-469.003,208.529
1936.000000,-127.111,-467.302,215.518
1937.000000,-128.797,-467.326,209.182
1938.000000,-129.440,-468.273,209.706
1939.000000,-129.553,-474.313,207.211
1940.000000,-126.966,-471.175,206.405
1941.000000,-127.972,-472.664,212.132
1942.000000,-128.176,-472.127,210.826
1943.000000,-127.188,-473.895,211.373
1944.000000,-124.774,-477.180,209.255
1945.000000,-128.072,-470.677,210.036
1946.000000,-129.825,-474.582,209.715
1947.000000,-127.282,-477.401,211.183
1948.000000,-127.464,-484.681,213.130
1949.000000,-130.211,-474.332,217.881
1950.000000,-128.366,-482.004,207.880
1951.000000,-128.249,-481.133,210.996
1952.000000,-125.915,-482.868,212.567
1953.000000,-128.871,-480.436,210.689
1954.000000,-125.498,-489.170,209.113
1955.000000,-129.242,-487.121,221.610
1956.000000,-131.349,-487.268,211.897
1957.000000,-126.196,-486.473,220.852
1958.000000,-129.268,-489.137,213.286
1959.000000,-130.823,-490.749,216.150
1960.000000,-129.970,-480.892,211.420
1961.000000,-129.105,-488.540,208.268
1962.000000,-129.456,-486.500,211.337
1963.000000,-129.612,-488.056,210.248
1964.000000,-125.827,-489.671,212.436
1965.000000,-127.721,-484.393,207.333
1966.000000,-129.623,-485.644,211.952
1967.000000,-125.814,-481.124,209.277
1968.000000,-129.697,-480.351,204.584
1969.000000,-127.857,-478.467,205.930
1970.000000,-129.353,-484.816,204.976
1971.000000,-126.556,-479.751,208.205
1972.000000,-127.943,-485.528,207.023
1973.000000,-127.757,-477.965,212.061
1974.000000,-126.809,-484.046,202.687
1975.000000,-126.580,-483.984,208.636
1976.000000,-127.967,-481.452,207.702
1977.000000,-127.283,-478.220,202.413
1978.000000,-126.571,-477.909,212.374
1979.000000,-128.284,-479.846,206.034
1980.000000,-129.508,-477.067,205.701
1981.000000,-130.959,-477.193,206.105
1982.000000,-128.169,-480.583,205.576
1983.000000,-129.194,-475.286,204.551
1984.000000,-131.488,-476.929,212.443
1985.000000,-126.681,-481.965,208.968
1986.000000,-128.779,-480.976,208.909
1987.000000,-128.138,-476.473,203.542
1988.000000,-130.510,-478.627,211.208
1989.000000,-131.090,-474.408,207.582
1990.000000,-127.450,-475.413,205.502
1991.000000,-126.247,-474.899,208.975
1992.000000,-129.386,-479.402,207.504
1993.000000,-128.554,-478.471,204.206
1994.000000,-130.202,-473.963,203.817
1995.000000,-129.635,-482.425,199.266
1996.000000,-129.992,-478.846,202.633
1997.000000,-130.371,-470.973,204.071
1998.000000,-127.609,-477.795,203.724
1999.000000,-129.712,-476.883,203.036
2000.000000,-127.868,-476.123,203.314
2001.000000,-129.460,-474.703,208.377
2002.000000,-129.794,-474.422,202.069
2003.000000,-124.733,-469.511,206.740
2004.000000,-130.490,-456.357,206.268
2005.000000,-132.901,-452.524,213.074
2006.000000,-127.725,-445.343,212.335
2007.000000,-131.057,-444.920,217.584
2008.000000,-126.822,-425.236,214.695
2009.000000,-126.515,-417.857,218.142
2010.000000,-129.373,-411.804,217.278
2011.000000,-121.815,-394.809,220.094
2012.000000,-122.970,-389.785,217.790
2013.000000,-118.731,-379.655,219.765
2014.000000,-116.022,-371.554,222.050
2015.000000,-114.660,-360.180,218.967
2016.000000,-111.251,-347.670,224.110
2017.000000,-110.244,-340.161,224.236
2018.000000,-107.301,-321.994,225.620
2019.000000,-101.905,-319.905,222.693
2020.000000,-100.680,-328.829,222.605
2021.000000,-95.459,-312.154,221.681
2022.000000,-94.031,-329.414,224.880
2023.000000,-92.972,-313.770,223.443
2024.000000,-92.130,-311.334,223.897
2025.000000,-86.907,-302.786,222.141
2026.000000,-85.033,-298.400,223.915
2027.000000,-84.818,-308.034,222.711
2028.000000,-85.077,-290.272,224.029
2029.000000,-85.962,-286.572,223.856
2030.000000,-87.309,-289.758,223.639
2031.000000,-81.779,-290.735,225.284
2032.000000,-79.827,-285.131,224.904
2033.000000,-73.135,-284.997,225.680
2034.000000,-68.310,-266.683,224.811
2035.000000,-68.943,-273.081,226.009
2036.000000,-68.767,-271.708,228.762
2037.000000,-68.676,-262.768,227.549
2038.000000,-66.373,-259.718,228.206
2039.000000,-66.217,-263.609,230.534
2040.000000,-65.031,-243.398,233.015
2041.000000,-57.989,-243.238,230.943
2042.000000,-56.293,-249.219,231.255
2043.000000,-56.759,-235.126,229.195
2044.000000,-55.561,-238.502,233.396
2045.000000,-57.021,-220.634,233.620
2046.000000,-52.971,-219.652,232.888
2047.000000,-52.649,-212.003,232.484
2048.000000,-51.324,-203.387,234.781
2049.000000,-49.889,-200.900,231.961
2050.000000,-53.292,-198.140,232.794
2051.000000,-51.082,-189.781,234.507
2052.000000,-49.878,-184.976,232.531
2053.000000,-52.050,-175.768,234.318
2054.000000,-55.440,-187.236,232.659
2055.000000,-65.365,-175.027,234.825
2056.000000,-65.379,-162.796,233.875
2057.000000,-58.233,-152.257,233.571
2058.000000,-53.283,-165.215,235.014
2059.000000,-50.015,-168.354,235.245
2060.000000,-46.171,-158.412,234.790
2061.000000,-38.947,-148.938,234.166
2062.000000,-42.027,-145.764,235.038
2063.000000,-40.878,-139.045,234.580
2064.000000,-43.960,-133.253,234.845
2065.000000,-39.799,-129.719,235.193
2066.000000,-40.518,-120.887,234.435
2067.000000,-41.562,-109.364,236.178
2068.000000,-36.225,-100.769,237.084
2069.000000,-37.335,-83.472,237.692
2070.000000,-38.283,-79.392,237.502
2071.000000,-37.646,-75.008,237.666
2072.000000,-35.931,-71.486,236.877
2073.000000,-38.318,-58.031,237.354
2074.000000,-38.908,-56.422,234.348
2075.000000,-36.096,-53.145,239.293
2076.000000,-30.228,-41.347,239.488
2077.000000,-36.481,-30.962,238.835
2078.000000,-37.394,-29.971,236.772
2079.000000,-34.014,-16.161,237.314
2080.000000,-32.236,-13.884,236.623
2081.000000,-38.660,-12.306,236.373
2082.000000,-35.846,-10.950,237.370
2083.000000,-34.721,-17.397,238.663
2084.000000,-31.277,-11.800,238.224
2085.000000,-43.741,-14.806,237.705
2086.000000,-29.824,-17.828,237.107
2087.000000,-40.655,-11.385,235.582
2088.000000,-34.535,-21.446,236.306
2089.000000,-31.505,-18.721,236.142
2090.000000,-36.070,-18.927,238.356
2091.000000,-38.096,-14.790,238.544
2092.000000,-29.015,-11.615,237.849
2093.000000,-25.256,-20.390,239.658
2094.000000,-38.449,-17.380,241.668
2095.000000,-32.113,-24.194,240.437
2096.000000,-34.109,-35.939,236.921
2097.000000,-40.845,-40.937,238.958
2098.000000,-36.953,-45.705,236.550
2099.000000,-30.313,-48.631,239.429
2100.000000,-35.088,-56.889,238.270
2101.000000,-39.981,-56.918,239.481
2102.000000,-36.962,-53.902,239.658
2103.000000,-36.540,-54.885,240.004
2104.000000,-33.693,-54.252,240.247
2105.000000,-34.980,-53.383,238.832
2106.000000,-35.833,-46.373,238.649
2107.000000,-36.740,-29.624,239.583
2108.000000,-41.384,-14.393,239.681
2109.000000,-35.008,-14.214,238.454
2110.000000,-37.752,-12.965,238.883
2111.000000,-34.500,-23.415,240.698
2112.000000,-30.464,-18.348,239.628
2113.000000,-35.993,-15.660,240.435
2114.000000,-31.702,-11.556,239.157
2115.000000,-34.661,-9.513,239.072
2116.000000,-33.934,-17.334,238.796
2117.000000,-33.461,-14.230,239.063
2118.000000,-31.352,-11.341,241.034
2119.000000,-33.033,-19.165,238.213
2120.000000,-32.059,-20.696,239.197
2121.000000,-37.172,-18.853,240.860
2122.000000,-36.691,-18.916,240.995
2123.000000,-35.342,-21.080,241.225
2124.000000,-33.774,-22.244,243.257
2125.000000,-33.618,-23.359,242.652
2126.000000,-39.593,-24.404,241.466
2127.000000,-24.816,-28.130,241.166
2128.000000,-33.912,-28.971,242.274
2129.000000,-37.695,-23.771,244.103
2130.000000,-33.838,-24.918,243.239
2131.000000,-36.286,-26.249,245.425
2132.000000,-32.489,-26.036,243.843
2133.000000,-33.495,-28.722,243.354
2134.000000,-30.490,-26.813,244.289
2135.000000,-36.869,-35.534,244.446
2136.000000,-31.800,-26.315,246.360
2137.000000,-38.810,-28.142,244.886
2138.000000,-34.008,-30.944,246.059
2139.000000,-31.792,-29.701,244.945
2140.000000,-30.379,-29.945,245.883
2141.000000,-37.083,-25.064,244.240
2142.000000,-33.875,-27.075,245.573
2143.000000,-34.464,-27.471,247.379
2144.000000,-31.813,-31.481,245.722
2145.000000,-38.452,-29.194,245.723
2146.000000,-33.171,-32.148,245.569
2147.000000,-34.582,-34.754,247.288
2148.000000,-30.296,-31.616,245.650
2149.000000,-38.480,-25.389,245.667
2150.000000,-32.855,-30.921,246.280
2151.000000,-38.471,-33.312,247.334
2152.000000,-34.016,-27.778,246.918
2153.000000,-34.066,-32.963,245.996
2154.000000,-30.938,-26.564,247.797
2155.000000,-37.354,-28.858,248.832
2156.000000,-35.266,-30.672,251.452
2157.000000,-32.063,-37.567,249.229
2158.000000,-32.812,-32.103,249.696
2159.000000,-37.308,-36.214,249.889
2160.000000,-34.751,-28.582,250.546
2161.000000,-32.091,-28.066,250.057
2162.000000,-32.762,-33.796,249.236
2163.000000,-36.749,-33.998,250.152
2164.000000,-42.321,-25.585,247.940
2165.000000,-33.381,-31.974,250.275
2166.000000,-33.254,-34.350,252.589
2167.000000,-39.175,-30.830,249.973
2168.000000,-35.226,-26.558,248.898
2169.000000,-34.540,-30.991,248.158
2170.000000,-34.045,-27.867,250.905
2171.000000,-34.580,-27.606,249.776
2172.000000,-32.725,-32.419,249.387
2173.000000,-36.896,-24.975,251.004
2174.000000,-39.572,-24.329,252.473
2175.000000,-34.814,-32.025,252.074
2176.000000,-39.380,-30.760,252.675
2177.000000,-35.643,-24.353,249.883
2178.000000,-37.501,-25.527,249.639
2179.000000,-25.929,-29.666,246.767
2180.000000,-34.264,-24.463,252.403
2181.000000,-34.505,-27.358,252.087
2182.000000,-32.787,-27.227,251.955
2183.000000,-28.073,-20.438,251.442
2184.000000,-37.161,-27.361,251.119
2185.000000,-34.066,-24.997,252.019
2186.000000,-34.865,-31.333,253.443
2187.000000,-34.512,-31.644,252.111
2188.000000,-28.111,-25.624,252.566
2189.000000,-32.230,-31.127,253.705
2190.000000,-32.456,-24.135,253.834
2191.000000,-28.064,-25.992,255.036
2192.000000,-31.025,-27.321,254.993
2193.000000,-35.823,-17.866,255.221
2194.000000,-37.113,-27.378,254.497
2195.000000,-28.386,-26.101,255.666
2196.000000,-34.827,-26.476,256.195
2197.000000,-31.363,-28.027,254.090
2198.000000,-34.551,-25.317,255.549
2199.000000,-34.767,-27.777,254.283
2200.000000,-31.925,-30.868,257.375
2201.000000,-29.675,-28.203,257.209
2202.000000,-32.995,-34.624,256.935
2203.000000,-30.459,-30.635,254.433
2204.000000,-33.496,-27.672,252.725
2205.000000,-33.136,-33.842,255.912
2206.000000,-34.174,-29.872,253.825
2207.000000,-36.389,-30.105,251.038
2208.000000,-38.145,-24.428,251.468
2209.000000,-37.678,-25.634,252.192
2210.000000,-35.743,-27.093,252.323
2211.000000,-36.082,-26.614,253.430
2212.000000,-31.983,-25.518,253.799
2213.000000,-33.952,-22.348,252.812
2214.000000,-37.946,-23.477,251.395
2215.000000,-33.245,-25.537,251.872
2216.000000,-29.933,-24.954,251.846
2217.000000,-29.605,-26.995,250.950
2218.000000,-32.625,-26.334,250.344
2219.000000,-33.397,-22.993,250.126
2220.000000,-33.883,-31.692,250.008
2221.000000,-32.869,-31.340,249.832
2222.000000,-30.404,-21.205,249.068
2223.000000,-30.245,-24.024,248.832
2224.000000,-38.043,-25.337,249.821
2225.000000,-33.023,-26.572,250.016
2226.000000,-30.866,-25.320,249.161
2227.000000,-38.024,-25.521,250.239
2228.000000,-31.011,-33.286,246.813
2229.000000,-36.165,-26.252,247.843
2230.000000,-33.210,-24.059,246.805
2231.000000,-36.350,-30.852,247.087
2232.000000,-30.165,-34.104,250.069
2233.000000,-33.862,-20.853,250.152
2234.000000,-31.776,-26.943,249.518
2235.000000,-30.539,-27.686,249.446
2236.000000,-39.192,-25.193,250.690
2237.000000,-33.016,-31.728,250.500
2238.000000,-32.580,-24.960,249.635
2239.000000,-37.030,-21.035,249.111
2240.000000,-33.328,-29.427,250.643
2241.000000,-36.669,-27.073,253.060
2242.000000,-33.958,-22.653,253.216
2243.000000,-39.846,-25.421,251.896
2244.000000,-31.338,-23.181,251.074
2245.000000,-28.396,-26.692,253.774
2246.000000,-34.713,-23.900,255.488
2247.000000,-31.903,-25.631,252.944
2248.000000,-30.719,-24.917,252.849
2249.000000,-37.284,-25.856,253.772
2250.000000,-30.840,-26.643,252.504
2251.000000,-37.915,-28.617,254.369
2252.000000,-33.689,-28.918,255.342
2253.000000,-28.134,-20.560,254.221
2254.000000,-27.511,-28.682,253.700
2255.000000,-33.618,-26.358,253.465
2256.000000,-32.621,-28.736,255.513
2257.000000,-33.333,-22.067,256.701
2258.000000,-34.143,-31.430,253.779
2259.000000,-30.510,-25.077,256.533
2260.000000,-30.712,-26.079,254.831
2261.000000,-27.138,-29.015,254.577
2262.000000,-34.735,-34.370,255.968
2263.000000,-37.664,-25.265,256.483
